League,LeagueName,Country,Season,Date,Time,HomeTeam,AwayTeam,FTHG,FTAG,FTR,HTHG,HTAG,TotalGoals,Is_00,HS,AS,HST,AST,HC,AC,HY,AY,HR,AR,HF,AF,AvgCH,AvgCD,AvgCA,AvgCOver25,AvgCUnder25,B365H,B365D,B365A,B365Over25,B365Under25
E0,Premier League,England,2026-27,2026-08-21,20:00,Arsenal,Coventry,3.0,0.0,H,2.0,0.0,3.0,False,20,4,6,1,8,2,1,1,0,0,10,13,1.2,6.72,14.0,1.55,2.37,1.2,7.0,13.0,1.57,2.38
E0,Premier League,England,2026-27,2026-08-22,12:30,Hull,Man United,2.0,0.0,H,2.0,0.0,2.0,False,8,21,4,5,1,6,2,1,0,0,10,9,8.49,5.11,1.34,1.55,2.38,8.5,5.0,1.36,1.67,2.2
E0,Premier League,England,2026-27,2026-08-22,15:00,Everton,Crystal Palace,2.0,0.0,H,1.0,0.0,2.0,False,16,11,5,4,4,0,0,1,0,0,5,15,2.32,3.36,3.05,1.93,1.83,2.15,3.5,3.3,1.95,1.9
E0,Premier League,England,2026-27,2026-08-22,15:00,Ipswich,Sunderland,2.0,1.0,H,1.0,1.0,3.0,False,10,11,3,4,3,5,0,3,0,0,12,14,2.83,3.22,2.52,2.14,1.67,2.7,3.3,2.63,1.98,1.88
E0,Premier League,England,2026-27,2026-08-22,15:00,Nott'm Forest,Leeds,0.0,1.0,A,0.0,0.0,1.0,False,12,11,2,3,3,2,2,1,0,0,15,14,2.45,3.2,2.94,2.12,1.69,2.3,3.4,3.1,1.98,1.88
E0,Premier League,England,2026-27,2026-08-22,17:30,Brentford,Tottenham,3.0,0.0,H,2.0,0.0,3.0,False,26,9,8,4,7,3,1,1,0,0,17,14,1.99,3.71,3.39,1.65,2.18,2.4,3.7,2.75,1.67,2.2
E0,Premier League,England,2026-27,2026-08-23,14:00,Brighton,Aston Villa,4.0,0.0,H,4.0,0.0,4.0,False,21,6,6,0,5,2,2,3,0,1,12,11,2.07,3.41,3.52,1.93,1.82,2.15,3.6,3.0,1.73,2.1
E0,Premier League,England,2026-27,2026-08-23,14:00,Man City,Bournemouth,2.0,1.0,H,0.0,1.0,3.0,False,13,5,6,4,8,3,1,2,0,0,11,11,1.44,4.78,6.36,1.52,2.45,1.48,4.5,6.25,1.44,2.75
E0,Premier League,England,2026-27,2026-08-23,16:30,Newcastle,Liverpool,2.0,2.0,D,1.0,0.0,4.0,False,13,27,4,7,2,6,5,3,0,0,16,15,3.66,3.82,1.92,1.49,2.58,4.0,3.8,1.9,1.5,2.63
E0,Premier League,England,2026-27,2026-08-24,20:00,Fulham,Chelsea,2.0,3.0,A,1.0,2.0,5.0,False,14,18,6,6,6,4,2,3,0,0,12,7,3.57,3.5,2.02,1.84,1.91,3.6,3.8,1.9,1.67,2.2
E0,Premier League,England,2026-27,2026-08-28,20:00,Crystal Palace,Man City,1.0,4.0,A,0.0,1.0,5.0,False,9,18,1,9,2,6,1,2,0,0,8,11,4.96,4.13,1.62,1.63,2.21,5.0,3.9,1.67,1.73,2.1
E0,Premier League,England,2026-27,2026-08-29,12:30,Liverpool,Nott'm Forest,2.0,2.0,D,0.0,1.0,4.0,False,13,12,4,3,3,5,4,2,0,0,13,10,1.46,4.7,6.09,1.49,2.55,1.5,4.5,5.75,1.62,2.3
E0,Premier League,England,2026-27,2026-08-29,15:00,Bournemouth,Everton,1.0,1.0,D,1.0,0.0,2.0,False,17,13,5,7,10,7,3,2,0,0,11,14,2.18,3.46,3.24,1.75,2.03,2.05,3.5,3.6,1.91,1.91
E0,Premier League,England,2026-27,2026-08-29,15:00,Coventry,Hull,0.0,1.0,A,0.0,0.0,1.0,False,11,6,3,2,6,2,1,4,0,0,11,8,1.72,3.82,4.72,1.7,2.08,1.9,3.5,4.2,1.91,1.91
E0,Premier League,England,2026-27,2026-08-29,17:30,Tottenham,Newcastle,0.0,2.0,A,0.0,0.0,2.0,False,17,11,6,2,9,7,1,2,0,0,15,9,2.15,3.67,3.06,1.6,2.26,2.25,3.75,2.9,1.62,2.3
E0,Premier League,England,2026-27,2026-08-30,14:00,Chelsea,Brighton,4.0,3.0,H,3.0,1.0,7.0,False,17,15,6,6,4,7,1,3,0,0,6,12,1.83,3.83,3.89,1.59,2.29,1.83,4.0,4.0,1.62,2.3
E0,Premier League,England,2026-27,2026-08-30,14:00,Leeds,Brentford,1.0,1.0,D,0.0,1.0,2.0,False,12,22,2,5,5,6,0,4,0,0,5,13,2.74,3.4,2.48,1.78,1.98,2.6,3.3,2.7,1.9,1.95
E0,Premier League,England,2026-27,2026-08-30,14:00,Sunderland,Fulham,1.0,0.0,H,0.0,0.0,1.0,False,12,11,4,0,3,4,0,2,0,0,10,15,2.22,3.29,3.28,2.0,1.76,2.4,3.2,3.1,2.0,1.8
E0,Premier League,England,2026-27,2026-08-30,16:30,Man United,Ipswich,5.0,2.0,H,1.0,1.0,7.0,False,33,9,11,5,8,4,1,3,0,0,7,12,1.34,5.39,7.68,1.39,2.86,1.42,5.0,7.0,1.57,2.38
E0,Premier League,England,2026-27,2026-08-31,20:00,Aston Villa,Arsenal,0.0,1.0,A,0.0,0.0,1.0,False,7,7,0,2,2,4,3,1,0,0,17,6,6.54,4.41,1.47,1.7,2.08,6.0,4.1,1.53,1.83,2.03
E1,Championship,England,2026-27,2026-08-14,20:00,Wolves,Blackburn,2.0,2.0,D,1.0,1.0,4.0,False,18,10,3,5,5,5,1,3,0,0,10,16,1.48,4.27,6.5,1.82,1.91,1.49,3.9,6.25,1.91,1.91
E1,Championship,England,2026-27,2026-08-15,12:30,Bolton,Preston,2.0,1.0,H,2.0,0.0,3.0,False,15,10,6,3,5,2,2,3,0,0,12,11,2.34,3.29,3.02,1.98,1.77,2.15,3.3,3.3,2.0,1.85
E1,Championship,England,2026-27,2026-08-15,15:00,Bristol City,Millwall,0.0,2.0,A,0.0,1.0,2.0,False,8,24,0,3,6,6,2,2,1,0,8,12,2.49,3.38,2.73,1.89,1.85,2.5,3.4,2.65,1.98,1.88
E1,Championship,England,2026-27,2026-08-15,15:00,Charlton,Derby,2.0,1.0,H,0.0,1.0,3.0,False,13,15,4,4,5,4,0,3,0,0,7,16,2.65,3.13,2.74,2.23,1.61,2.65,3.2,2.65,2.2,1.67
E1,Championship,England,2026-27,2026-08-15,15:00,Middlesbrough,Lincoln,2.0,1.0,H,0.0,1.0,3.0,False,23,10,7,2,5,5,0,2,0,0,12,12,1.49,4.34,6.28,1.75,2.02,1.3,5.5,8.0,1.67,2.2
E1,Championship,England,2026-27,2026-08-15,15:00,Norwich,West Brom,1.0,2.0,A,0.0,0.0,3.0,False,20,9,7,4,8,2,0,2,0,0,13,13,1.96,3.54,3.72,1.86,1.88,1.91,3.5,3.8,1.98,1.88
E1,Championship,England,2026-27,2026-08-15,15:00,Portsmouth,QPR,1.0,3.0,A,1.0,3.0,4.0,False,17,13,6,6,6,3,0,1,0,0,9,13,2.34,3.2,3.1,2.18,1.64,2.25,3.4,3.0,2.0,1.85
E1,Championship,England,2026-27,2026-08-15,15:00,Stoke,Swansea,1.0,2.0,A,1.0,1.0,3.0,False,6,7,2,3,4,5,1,3,0,0,14,9,2.28,3.37,3.05,1.92,1.82,2.32,3.2,3.1,2.1,1.73
E1,Championship,England,2026-27,2026-08-15,17:30,Sheffield United,Birmingham,0.0,0.0,D,0.0,0.0,0.0,True,3,10,1,2,2,8,0,0,0,0,12,12,2.18,3.32,3.25,2.02,1.75,2.45,3.3,2.75,2.03,1.83
E1,Championship,England,2026-27,2026-08-16,13:30,Watford,Southampton,2.0,1.0,H,2.0,0.0,3.0,False,16,17,3,3,4,8,6,3,0,0,12,9,3.6,3.66,1.96,1.69,2.1,3.4,3.5,2.05,1.73,2.1
E1,Championship,England,2026-27,2026-08-16,16:00,Burnley,West Ham,2.0,2.0,D,0.0,1.0,4.0,False,18,11,6,2,5,6,1,4,0,0,12,9,3.03,3.49,2.24,1.74,2.03,2.85,3.5,2.25,1.73,2.1
E1,Championship,England,2026-27,2026-08-17,20:00,Cardiff,Wrexham,1.0,1.0,D,0.0,1.0,2.0,False,11,18,3,8,9,9,0,2,0,0,9,13,2.46,3.52,2.68,1.65,2.16,2.3,3.5,2.82,1.73,2.1
E1,Championship,England,2026-27,2026-08-22,12:30,Birmingham,Bristol City,2.0,2.0,D,1.0,1.0,4.0,False,8,14,2,6,7,3,2,1,0,0,13,12,1.71,3.67,4.76,1.93,1.81,1.71,3.75,4.33,1.8,2.0
E1,Championship,England,2026-27,2026-08-22,12:30,Lincoln,Portsmouth,1.0,3.0,A,1.0,2.0,4.0,False,15,13,4,7,8,3,3,1,0,0,17,15,2.32,3.31,3.04,2.0,1.76,2.35,3.4,2.75,2.0,1.85
E1,Championship,England,2026-27,2026-08-22,12:30,Millwall,Norwich,3.0,0.0,H,1.0,0.0,3.0,False,19,8,7,2,8,3,1,3,0,1,14,8,2.78,3.47,2.41,1.76,1.99,2.15,3.4,3.1,2.0,1.85
E1,Championship,England,2026-27,2026-08-22,15:00,Blackburn,Middlesbrough,2.0,1.0,H,0.0,1.0,3.0,False,6,22,5,3,2,10,4,1,0,0,10,10,3.69,3.56,1.95,1.8,1.94,3.5,3.4,2.01,2.0,1.85
E1,Championship,England,2026-27,2026-08-22,15:00,Derby,Cardiff,2.0,2.0,D,1.0,2.0,4.0,False,15,16,7,7,7,7,5,1,0,0,12,10,2.15,3.43,3.25,1.79,1.95,1.91,3.5,3.75,2.03,1.83
E1,Championship,England,2026-27,2026-08-22,15:00,Preston,Wolves,1.0,3.0,A,0.0,1.0,4.0,False,13,16,2,5,5,4,4,1,0,0,11,10,3.6,3.44,2.02,1.87,1.86,4.2,3.4,1.81,1.8,2.0
E1,Championship,England,2026-27,2026-08-22,15:00,QPR,Bolton,0.0,0.0,D,0.0,0.0,0.0,True,18,2,10,0,9,2,1,2,0,0,6,8,1.88,3.63,3.9,1.84,1.9,1.86,3.6,3.75,1.93,1.93
E1,Championship,England,2026-27,2026-08-22,15:00,Southampton,Stoke,3.0,1.0,H,1.0,1.0,4.0,False,18,15,5,2,4,2,3,5,0,1,10,21,1.62,4.13,4.89,1.63,2.2,1.57,4.0,5.0,1.73,2.1
E1,Championship,England,2026-27,2026-08-22,15:00,Swansea,Sheffield United,0.0,0.0,D,0.0,0.0,0.0,True,9,12,1,2,6,3,2,2,0,0,14,10,2.67,3.3,2.59,1.96,1.8,2.32,3.4,2.82,1.9,1.95
E1,Championship,England,2026-27,2026-08-22,15:00,West Ham,Charlton,1.0,2.0,A,0.0,1.0,3.0,False,25,7,9,5,7,4,2,3,0,0,9,16,1.41,4.74,6.73,1.57,2.32,1.33,4.75,8.0,1.73,2.1
E1,Championship,England,2026-27,2026-08-22,15:00,Wrexham,Watford,1.0,1.0,D,1.0,1.0,2.0,False,12,10,2,6,10,3,2,0,0,0,13,11,1.79,3.69,4.27,1.82,1.93,1.86,3.5,4.0,1.9,1.95
E1,Championship,England,2026-27,2026-08-23,12:00,West Brom,Burnley,3.0,1.0,H,1.0,1.0,4.0,False,11,11,7,3,3,5,1,2,0,0,8,13,2.46,3.31,2.81,1.87,1.87,2.7,3.3,2.45,2.1,1.73
E1,Championship,England,2026-27,2026-08-28,20:00,Wrexham,Birmingham,1.0,2.0,A,0.0,1.0,3.0,False,9,9,4,4,3,6,1,2,0,0,8,14,2.18,3.22,3.42,2.19,1.64,2.15,3.4,3.3,2.0,1.8
E1,Championship,England,2026-27,2026-08-29,12:30,Derby,Swansea,0.0,3.0,A,0.0,2.0,3.0,False,8,23,0,12,5,6,3,2,0,0,16,7,2.35,3.27,2.98,2.06,1.71,2.2,3.25,3.2,2.1,1.73
E1,Championship,England,2026-27,2026-08-29,12:30,Middlesbrough,West Brom,3.0,1.0,H,0.0,0.0,4.0,False,15,12,6,4,7,6,0,1,0,0,15,6,1.72,3.89,4.51,1.7,2.08,1.71,3.8,4.5,1.88,1.98
E1,Championship,England,2026-27,2026-08-29,12:30,Wolves,Stoke,4.0,1.0,H,2.0,1.0,5.0,False,18,10,8,3,7,1,1,4,0,0,13,15,1.66,3.88,4.92,1.76,1.99,1.45,4.33,6.5,1.73,2.1
E1,Championship,England,2026-27,2026-08-29,15:00,Blackburn,QPR,1.0,2.0,A,0.0,0.0,3.0,False,12,19,2,6,3,3,3,2,0,0,12,6,2.8,3.37,2.43,1.9,1.84,2.5,3.3,2.65,2.0,1.8
E1,Championship,England,2026-27,2026-08-29,15:00,Bolton,Lincoln,0.0,1.0,A,0.0,0.0,1.0,False,21,8,6,2,14,2,0,3,0,0,6,15,2.42,3.37,2.81,1.85,1.89,2.45,3.25,2.75,2.05,1.8
E1,Championship,England,2026-27,2026-08-29,15:00,Bristol City,Portsmouth,2.0,1.0,H,1.0,0.0,3.0,False,9,14,3,1,3,10,3,0,0,0,15,6,2.14,3.46,3.25,1.86,1.87,2.1,3.4,3.3,2.1,1.73
E1,Championship,England,2026-27,2026-08-29,15:00,Cardiff,Sheffield United,2.0,2.0,D,2.0,2.0,4.0,False,28,6,10,4,13,2,2,2,0,0,12,11,2.74,3.67,2.34,1.56,2.35,2.55,3.5,2.5,1.73,2.1
E1,Championship,England,2026-27,2026-08-29,15:00,Charlton,Preston,1.0,0.0,H,0.0,0.0,1.0,False,15,12,2,1,7,4,1,1,0,0,11,21,2.08,3.35,3.5,2.03,1.75,2.05,3.3,3.6,2.1,1.73
E1,Championship,England,2026-27,2026-08-29,15:00,Norwich,Burnley,4.0,1.0,H,3.0,1.0,5.0,False,20,16,6,4,3,5,4,3,0,1,14,5,1.99,3.66,3.43,1.64,2.18,2.2,3.6,3.0,1.8,2.0
E1,Championship,England,2026-27,2026-08-29,15:00,Southampton,Millwall,5.0,1.0,H,2.0,1.0,6.0,False,21,15,7,5,8,11,2,1,0,0,6,10,1.95,3.73,3.49,1.61,2.24,1.91,3.6,3.6,1.83,2.03
E1,Championship,England,2026-27,2026-08-29,15:00,Watford,West Ham,1.0,1.0,D,1.0,1.0,2.0,False,16,13,5,1,3,11,3,1,0,0,10,7,4.19,3.99,1.74,1.54,2.39,3.9,3.8,1.79,1.62,2.3
D1,Bundesliga,Germany,2026-27,2026-08-28,19:30,Bayern Munich,Stuttgart,5.0,1.0,H,1.0,0.0,6.0,False,21,11,9,4,9,3,1,3,0,0,10,17,1.21,7.37,9.88,1.15,5.03,1.22,7.0,10.0,1.2,4.5
D1,Bundesliga,Germany,2026-27,2026-08-29,14:30,Elversberg,Leverkusen,3.0,2.0,H,2.0,0.0,5.0,False,11,21,6,4,4,3,3,2,0,0,18,15,5.02,4.35,1.58,1.46,2.64,5.0,4.5,1.57,1.5,2.63
D1,Bundesliga,Germany,2026-27,2026-08-29,14:30,FC Koln,Hoffenheim,3.0,2.0,H,0.0,1.0,5.0,False,18,15,6,4,6,7,0,2,0,0,11,14,3.08,3.67,2.14,1.55,2.4,2.88,3.75,2.25,1.53,2.5
D1,Bundesliga,Germany,2026-27,2026-08-29,14:30,Mainz,Paderborn,0.0,0.0,D,0.0,0.0,0.0,True,21,10,4,0,11,2,1,2,0,0,8,10,1.51,4.49,5.65,1.45,2.66,1.65,4.0,5.0,1.67,2.2
D1,Bundesliga,Germany,2026-27,2026-08-29,14:30,RB Leipzig,M'gladbach,3.0,0.0,H,1.0,0.0,3.0,False,25,15,11,4,7,6,1,0,0,0,10,13,1.54,4.48,5.08,1.43,2.74,1.57,4.5,5.25,1.5,2.63
D1,Bundesliga,Germany,2026-27,2026-08-29,14:30,Union Berlin,Ein Frankfurt,3.0,3.0,D,1.0,2.0,6.0,False,19,12,10,3,5,2,2,4,0,0,11,10,2.61,3.65,2.48,1.54,2.41,2.6,3.6,2.6,1.62,2.3
D1,Bundesliga,Germany,2026-27,2026-08-29,17:30,Dortmund,Hamburg,2.0,0.0,H,2.0,0.0,2.0,False,20,8,6,3,3,1,2,1,1,0,13,19,1.32,5.49,7.99,1.42,2.76,1.3,5.75,9.0,1.5,2.63
D1,Bundesliga,Germany,2026-27,2026-08-30,14:30,Freiburg,Werder Bremen,4.0,1.0,H,2.0,0.0,5.0,False,19,9,5,3,6,5,1,1,0,0,13,16,1.77,3.8,4.28,1.64,2.2,1.91,3.6,4.0,1.73,2.1
D1,Bundesliga,Germany,2026-27,2026-08-30,16:30,Augsburg,Schalke 04,3.0,0.0,H,1.0,0.0,3.0,False,24,11,13,5,11,3,1,0,0,1,5,6,2.27,3.5,2.97,1.67,2.14,2.15,3.7,3.1,1.73,2.1
D2,2. Bundesliga,Germany,2026-27,2026-08-07,19:30,Bochum,Hertha,0.0,1.0,A,0.0,1.0,1.0,False,13,11,3,2,5,2,2,5,0,0,18,13,2.21,3.42,2.94,1.66,2.11,2.25,3.5,3.0,1.7,2.1
D2,2. Bundesliga,Germany,2026-27,2026-08-08,12:00,Darmstadt,Holstein Kiel,2.0,2.0,D,0.0,2.0,4.0,False,14,11,3,6,8,4,2,3,0,0,15,16,2.21,3.47,2.87,1.6,2.21,2.2,3.5,3.1,1.65,2.2
D2,2. Bundesliga,Germany,2026-27,2026-08-08,12:00,Heidenheim,Osnabruck,4.0,3.0,H,3.0,2.0,7.0,False,20,26,6,6,4,6,1,2,0,0,6,6,1.63,3.87,4.75,1.63,2.14,1.62,3.9,5.0,1.67,2.15
D2,2. Bundesliga,Germany,2026-27,2026-08-08,12:00,Karlsruhe,Bielefeld,2.0,1.0,H,1.0,0.0,3.0,False,24,11,7,5,6,6,2,1,0,0,15,12,2.75,3.61,2.24,1.52,2.38,2.7,3.6,2.45,1.57,2.35
D2,2. Bundesliga,Germany,2026-27,2026-08-08,12:00,Magdeburg,Braunschweig,1.0,6.0,A,0.0,4.0,7.0,False,10,24,3,13,5,5,4,1,1,0,14,9,1.74,3.75,4.09,1.62,2.17,1.75,3.8,4.33,1.67,2.15
D2,2. Bundesliga,Germany,2026-27,2026-08-08,19:30,Wolfsburg,Kaiserslautern,0.0,0.0,D,0.0,0.0,0.0,True,19,8,5,3,9,2,0,1,0,0,17,10,1.55,4.25,4.77,1.42,2.67,1.57,4.2,5.0,1.53,2.4
D2,2. Bundesliga,Germany,2026-27,2026-08-09,12:30,Cottbus,Hannover,3.0,1.0,H,1.0,1.0,4.0,False,12,27,4,10,2,6,0,2,0,0,11,11,2.97,3.59,2.11,1.52,2.37,3.25,3.5,2.1,1.6,2.3
D2,2. Bundesliga,Germany,2026-27,2026-08-09,12:30,Nurnberg,Dresden,3.0,0.0,H,2.0,0.0,3.0,False,16,9,7,1,5,5,0,2,0,0,6,11,2.44,3.32,2.64,1.73,2.0,2.25,3.3,3.1,1.7,2.1
D2,2. Bundesliga,Germany,2026-27,2026-08-09,12:30,St Pauli,Greuther Furth,1.0,1.0,D,0.0,0.0,2.0,False,18,15,6,7,9,2,1,0,0,0,4,5,1.63,3.91,4.52,1.58,2.23,1.85,3.8,3.8,1.62,2.25
D2,2. Bundesliga,Germany,2026-27,2026-08-14,17:30,Braunschweig,Bochum,0.0,1.0,A,0.0,1.0,1.0,False,17,13,3,4,5,6,2,3,0,0,11,13,2.48,3.44,2.57,1.63,2.16,2.3,3.5,2.9,1.7,2.1
D2,2. Bundesliga,Germany,2026-27,2026-08-14,17:30,Holstein Kiel,St Pauli,2.0,2.0,D,0.0,2.0,4.0,False,19,13,6,6,5,5,3,3,0,0,14,19,2.56,3.43,2.49,1.67,2.08,2.4,3.4,2.8,1.75,2.05
D2,2. Bundesliga,Germany,2026-27,2026-08-15,12:00,Greuther Furth,Nurnberg,2.0,4.0,A,2.0,2.0,6.0,False,14,15,6,9,5,3,1,4,0,0,9,15,2.97,3.51,2.16,1.62,2.18,3.1,3.5,2.2,1.67,2.15
D2,2. Bundesliga,Germany,2026-27,2026-08-15,12:00,Hertha,Heidenheim,4.0,1.0,H,3.0,0.0,5.0,False,19,11,9,3,5,3,1,2,1,0,12,17,2.52,3.56,2.46,1.52,2.38,2.2,3.5,3.1,1.65,2.2
D2,2. Bundesliga,Germany,2026-27,2026-08-15,12:00,Osnabruck,Magdeburg,0.0,3.0,A,0.0,2.0,3.0,False,11,19,4,6,3,10,1,1,0,0,12,11,2.39,3.57,2.57,1.53,2.37,2.55,3.5,2.6,1.57,2.35
D2,2. Bundesliga,Germany,2026-27,2026-08-15,19:30,Kaiserslautern,Karlsruhe,0.0,0.0,D,0.0,0.0,0.0,True,11,13,3,8,4,11,3,3,0,0,12,19,1.96,3.69,3.29,1.53,2.37,1.85,3.9,3.75,1.53,2.4
D2,2. Bundesliga,Germany,2026-27,2026-08-16,12:30,Bielefeld,Cottbus,3.0,0.0,H,2.0,0.0,3.0,False,17,10,5,0,7,10,2,2,0,0,12,18,1.55,4.2,4.96,1.48,2.48,1.7,4.0,4.5,1.57,2.35
D2,2. Bundesliga,Germany,2026-27,2026-08-16,12:30,Dresden,Darmstadt,1.0,0.0,H,1.0,0.0,1.0,False,12,10,6,1,7,5,1,3,0,1,12,12,1.97,3.61,3.38,1.59,2.24,2.05,3.7,3.3,1.6,2.3
D2,2. Bundesliga,Germany,2026-27,2026-08-16,12:30,Hannover,Wolfsburg,0.0,1.0,A,0.0,0.0,1.0,False,14,18,2,7,8,6,1,2,0,0,9,9,2.19,3.67,2.85,1.46,2.56,2.5,3.5,2.63,1.62,2.25
D2,2. Bundesliga,Germany,2026-27,2026-08-28,17:30,Bochum,Osnabruck,0.0,1.0,A,0.0,1.0,1.0,False,20,8,1,2,6,1,3,4,0,0,15,12,1.84,3.66,3.76,1.63,2.15,1.73,3.75,4.5,1.67,2.15
D2,2. Bundesliga,Germany,2026-27,2026-08-28,17:30,Braunschweig,Hertha,3.0,5.0,A,2.0,2.0,8.0,False,17,26,9,6,5,12,2,4,0,0,9,15,2.69,3.46,2.37,1.56,2.29,2.88,3.4,2.35,1.65,2.2
D2,2. Bundesliga,Germany,2026-27,2026-08-29,12:00,Cottbus,Greuther Furth,3.0,4.0,A,1.0,1.0,7.0,False,23,15,6,7,10,6,2,2,0,0,11,16,2.43,3.58,2.55,1.56,2.31,2.5,3.8,2.5,1.53,2.4
D2,2. Bundesliga,Germany,2026-27,2026-08-29,12:00,Heidenheim,Dresden,5.0,3.0,H,0.0,1.0,8.0,False,27,17,10,8,6,9,2,3,0,1,8,6,2.14,3.58,2.99,1.54,2.36,2.5,3.5,2.7,1.53,2.4
D2,2. Bundesliga,Germany,2026-27,2026-08-29,12:00,Karlsruhe,Wolfsburg,2.0,5.0,A,2.0,3.0,7.0,False,18,27,5,11,10,8,0,1,0,0,13,14,2.93,3.55,2.18,1.54,2.37,3.2,3.7,2.1,1.53,2.4
D2,2. Bundesliga,Germany,2026-27,2026-08-29,19:30,Nurnberg,Bielefeld,4.0,1.0,H,3.0,0.0,5.0,False,13,21,6,5,3,8,2,0,0,0,9,11,2.3,3.52,2.75,1.59,2.23,2.15,3.6,3.1,1.67,2.15
D2,2. Bundesliga,Germany,2026-27,2026-08-30,12:30,Darmstadt,Hannover,0.0,1.0,A,0.0,0.0,1.0,False,11,26,3,7,2,11,1,2,1,0,8,12,2.81,3.62,2.21,1.46,2.56,3.25,3.6,2.05,1.53,2.4
D2,2. Bundesliga,Germany,2026-27,2026-08-30,12:30,Magdeburg,Holstein Kiel,2.0,0.0,H,0.0,0.0,2.0,False,10,14,2,2,3,3,5,4,0,0,14,17,2.12,3.73,2.92,1.43,2.66,2.15,3.6,3.1,1.57,2.35
D2,2. Bundesliga,Germany,2026-27,2026-08-30,12:30,St Pauli,Kaiserslautern,1.0,2.0,A,0.0,1.0,3.0,False,21,11,7,4,4,5,3,4,0,0,9,13,1.77,3.69,4.03,1.62,2.18,1.85,3.75,3.9,1.65,2.2
I1,Serie A,Italy,2026-27,2026-08-22,17:30,Inter,Monza,4.0,1.0,H,1.0,1.0,5.0,False,13,7,5,3,3,3,2,2,0,0,5,14,1.15,7.82,17.22,1.48,2.55,1.2,7.0,13.0,1.62,2.3
I1,Serie A,Italy,2026-27,2026-08-22,17:30,Udinese,Como,1.0,1.0,D,1.0,0.0,2.0,False,17,20,3,6,1,10,3,0,0,0,13,11,5.0,3.59,1.72,2.0,1.77,4.5,3.6,1.83,2.2,1.67
I1,Serie A,Italy,2026-27,2026-08-22,19:45,Genoa,Napoli,0.0,2.0,A,0.0,0.0,2.0,False,11,13,2,4,5,5,2,1,0,0,10,8,3.94,3.06,2.07,2.48,1.51,4.5,3.4,1.9,2.3,1.62
I1,Serie A,Italy,2026-27,2026-08-22,19:45,Parma,Cagliari,0.0,1.0,A,0.0,0.0,1.0,False,13,14,2,5,3,2,0,2,0,0,6,20,2.86,2.86,2.74,2.71,1.44,2.5,3.0,3.1,2.5,1.53
I1,Serie A,Italy,2026-27,2026-08-23,17:30,Frosinone,Juventus,0.0,1.0,A,0.0,1.0,1.0,False,11,20,2,5,3,12,2,2,0,0,15,18,6.67,4.69,1.43,1.57,2.33,8.0,4.2,1.45,1.83,2.03
I1,Serie A,Italy,2026-27,2026-08-23,17:30,Venezia,Lecce,0.0,2.0,A,0.0,0.0,2.0,False,19,12,7,5,5,3,1,3,0,0,8,12,1.79,3.51,4.54,1.93,1.82,2.25,3.1,3.6,2.3,1.62
I1,Serie A,Italy,2026-27,2026-08-23,19:45,Atalanta,Sassuolo,2.0,1.0,H,1.0,0.0,3.0,False,14,22,7,8,4,4,0,0,0,0,9,10,1.51,4.34,5.88,1.64,2.2,1.53,4.1,6.5,1.67,2.2
I1,Serie A,Italy,2026-27,2026-08-23,19:45,Torino,Milan,1.0,2.0,A,0.0,0.0,3.0,False,8,19,1,4,2,4,0,1,0,0,10,9,4.39,3.35,1.87,2.17,1.66,4.75,3.6,1.75,1.93,1.93
I1,Serie A,Italy,2026-27,2026-08-24,17:30,Bologna,Lazio,0.0,1.0,A,0.0,0.0,1.0,False,14,10,5,3,8,6,4,4,0,0,18,19,2.46,3.03,3.07,2.33,1.57,2.2,3.2,3.5,2.2,1.67
I1,Serie A,Italy,2026-27,2026-08-24,19:45,Roma,Fiorentina,4.0,0.0,H,1.0,0.0,4.0,False,17,9,8,4,2,3,2,2,0,0,15,11,1.71,3.73,4.81,1.88,1.87,1.57,4.1,5.75,1.88,1.98
I1,Serie A,Italy,2026-27,2026-08-28,19:45,Milan,Venezia,2.0,0.0,H,0.0,0.0,2.0,False,16,9,5,2,2,3,1,3,0,0,8,11,1.48,4.44,6.36,1.68,2.12,1.45,4.5,7.0,1.73,2.1
I1,Serie A,Italy,2026-27,2026-08-29,17:30,Fiorentina,Frosinone,0.0,3.0,A,0.0,2.0,3.0,False,25,12,4,6,8,5,3,3,0,0,14,21,1.72,3.89,4.38,1.65,2.18,1.62,4.1,5.25,1.8,2.0
I1,Serie A,Italy,2026-27,2026-08-29,17:30,Monza,Udinese,2.0,3.0,A,1.0,3.0,5.0,False,15,12,5,5,3,3,1,0,0,0,10,12,2.89,3.06,2.57,2.24,1.61,3.1,3.2,2.4,2.2,1.67
I1,Serie A,Italy,2026-27,2026-08-29,17:30,Sassuolo,Torino,2.0,1.0,H,1.0,1.0,3.0,False,19,10,7,4,4,3,3,1,0,0,12,9,2.24,3.26,3.24,1.99,1.77,2.25,3.25,3.3,2.03,1.83
I1,Serie A,Italy,2026-27,2026-08-29,19:45,Juventus,Parma,2.0,0.0,H,0.0,0.0,2.0,False,21,4,6,3,10,2,2,3,0,0,23,12,1.2,6.34,14.38,1.65,2.19,1.22,6.5,11.0,1.67,2.2
I1,Serie A,Italy,2026-27,2026-08-30,17:30,Napoli,Como,1.0,2.0,A,1.0,2.0,3.0,False,13,21,2,6,2,7,1,0,0,0,9,5,2.29,3.06,3.36,2.2,1.64,2.5,3.0,3.1,2.3,1.62
I1,Serie A,Italy,2026-27,2026-08-30,19:45,Cagliari,Inter,0.0,1.0,A,0.0,1.0,1.0,False,10,31,0,7,8,6,2,1,0,0,6,5,7.58,4.73,1.39,1.65,2.18,7.0,4.5,1.44,1.93,1.93
I1,Serie A,Italy,2026-27,2026-08-30,19:45,Lazio,Genoa,1.0,0.0,H,1.0,0.0,1.0,False,15,8,2,1,4,2,1,2,0,0,18,6,2.25,2.94,3.61,2.48,1.51,2.0,3.1,4.33,2.38,1.57
I1,Serie A,Italy,2026-27,2026-08-31,17:30,Lecce,Roma,0.0,4.0,A,0.0,3.0,4.0,False,7,15,3,8,2,1,1,1,0,0,9,8,6.86,4.29,1.46,1.84,1.91,8.0,4.0,1.48,2.1,1.73
I1,Serie A,Italy,2026-27,2026-08-31,19:45,Atalanta,Bologna,1.0,0.0,H,0.0,0.0,1.0,False,6,16,2,3,1,2,1,0,0,0,10,13,1.85,3.56,4.16,1.88,1.87,1.85,3.75,4.0,1.95,1.9
SP1,La Liga,Spain,2026-27,2026-08-15,18:30,Alaves,Getafe,3.0,0.0,H,0.0,0.0,3.0,False,18,6,8,2,5,3,4,3,0,1,16,13,2.32,2.76,3.75,3.32,1.32,2.35,2.8,3.75,3.2,1.36
SP1,La Liga,Spain,2026-27,2026-08-15,20:30,Sevilla,Vallecano,2.0,1.0,H,0.0,1.0,3.0,False,13,6,4,3,1,2,4,4,1,0,18,18,2.49,2.92,3.19,2.53,1.5,2.3,3.1,3.4,2.3,1.62
SP1,La Liga,Spain,2026-27,2026-08-16,16:00,Santander,Villarreal,2.0,2.0,D,2.0,2.0,4.0,False,17,12,3,7,6,10,2,4,0,0,14,14,3.69,3.77,1.92,1.52,2.47,3.2,3.6,2.15,1.8,2.0
SP1,La Liga,Spain,2026-27,2026-08-16,18:00,Espanol,Levante,3.0,0.0,H,2.0,0.0,3.0,False,16,4,6,0,0,1,3,0,0,0,17,7,2.1,3.23,3.71,2.13,1.68,2.0,3.25,4.0,2.2,1.67
SP1,La Liga,Spain,2026-27,2026-08-17,20:00,La Coruna,Elche,1.0,1.0,D,1.0,0.0,2.0,False,8,11,3,6,2,6,2,2,0,0,17,12,2.19,3.15,3.53,2.25,1.61,2.3,3.0,3.5,2.3,1.62
SP1,La Liga,Spain,2026-27,2026-08-19,20:00,Ath Madrid,Malaga,2.0,0.0,H,0.0,0.0,2.0,False,15,5,6,1,6,1,2,3,0,0,17,11,1.46,4.51,6.53,1.63,2.22,1.33,5.25,9.5,1.73,2.1
SP1,La Liga,Spain,2026-27,2026-08-20,20:00,Vallecano,Alaves,1.0,1.0,D,0.0,0.0,2.0,False,8,15,3,3,9,7,1,2,0,0,14,13,2.42,3.07,3.07,2.3,1.59,2.25,3.0,3.6,2.75,1.44
SP1,La Liga,Spain,2026-27,2026-08-21,20:00,Betis,Sociedad,1.0,0.0,H,0.0,0.0,1.0,False,18,9,7,3,4,5,3,3,0,0,9,12,2.11,3.43,3.38,1.78,1.97,2.05,3.5,3.5,1.8,2.0
SP1,La Liga,Spain,2026-27,2026-08-22,16:00,Ath Bilbao,Sevilla,1.0,3.0,A,0.0,1.0,4.0,False,18,7,8,4,10,3,2,5,1,0,11,16,1.75,3.57,4.79,2.1,1.69,1.7,3.6,5.25,2.2,1.67
SP1,La Liga,Spain,2026-27,2026-08-22,18:30,Valencia,Celta,0.0,0.0,D,0.0,0.0,0.0,True,8,7,2,3,1,2,2,3,0,0,17,17,2.42,3.12,3.04,2.26,1.6,2.35,3.2,3.2,2.2,1.67
SP1,La Liga,Spain,2026-27,2026-08-22,20:30,Espanol,Real Madrid,1.0,2.0,A,1.0,1.0,3.0,False,8,21,3,8,0,8,5,1,0,0,19,7,7.35,4.88,1.39,1.52,2.45,7.0,4.5,1.44,1.73,2.1
SP1,La Liga,Spain,2026-27,2026-08-23,16:00,Ath Madrid,Villarreal,2.0,2.0,D,0.0,0.0,4.0,False,19,13,4,6,5,3,3,2,1,0,12,13,1.78,3.83,4.15,1.62,2.22,1.85,3.6,4.1,1.88,1.98
SP1,La Liga,Spain,2026-27,2026-08-23,18:30,Getafe,Santander,1.0,0.0,H,0.0,0.0,1.0,False,12,6,1,3,8,6,1,3,0,0,14,17,2.27,3.07,3.42,2.2,1.64,2.2,2.9,3.9,2.75,1.44
SP1,La Liga,Spain,2026-27,2026-08-23,20:30,Elche,Barcelona,0.0,5.0,A,0.0,2.0,5.0,False,7,11,2,7,3,1,1,0,0,0,13,12,8.35,5.52,1.32,1.47,2.62,9.0,5.75,1.3,1.44,2.75
SP1,La Liga,Spain,2026-27,2026-08-24,18:30,Osasuna,Levante,0.0,0.0,D,0.0,0.0,0.0,True,12,11,7,1,9,4,2,1,0,0,9,12,1.9,3.38,4.21,2.14,1.67,1.83,3.6,4.33,2.0,1.8
SP1,La Liga,Spain,2026-27,2026-08-24,20:30,Malaga,La Coruna,1.0,1.0,D,1.0,1.0,2.0,False,13,6,2,4,7,4,1,4,0,0,12,12,2.36,3.05,3.2,2.23,1.63,2.5,3.1,3.1,2.63,1.5
SP1,La Liga,Spain,2026-27,2026-08-25,20:00,Valencia,Betis,0.0,1.0,A,0.0,0.0,1.0,False,16,15,3,3,8,2,2,1,0,0,10,11,2.61,3.23,2.72,2.09,1.7,2.8,3.3,2.55,2.1,1.73
SP1,La Liga,Spain,2026-27,2026-08-26,20:00,Real Madrid,Sociedad,4.0,1.0,H,1.0,1.0,5.0,False,20,10,11,3,4,7,3,3,0,0,10,8,1.18,7.37,12.96,1.31,3.37,1.3,6.25,8.0,1.44,2.75
SP1,La Liga,Spain,2026-27,2026-08-27,19:30,Celta,Osasuna,1.0,2.0,A,1.0,0.0,3.0,False,4,13,2,5,5,3,0,1,1,0,7,16,1.85,3.29,4.63,2.27,1.6,2.0,3.3,4.0,2.2,1.67
SP1,La Liga,Spain,2026-27,2026-08-27,20:00,Barcelona,Ath Bilbao,2.0,0.0,H,1.0,0.0,2.0,False,22,5,10,0,12,5,1,2,0,0,13,6,1.22,6.64,10.81,1.31,3.34,1.33,5.25,8.0,1.44,2.75
SP1,La Liga,Spain,2026-27,2026-08-28,18:00,Santander,Elche,3.0,2.0,H,3.0,0.0,5.0,False,13,18,6,7,5,10,2,1,0,0,17,19,1.95,3.58,3.75,1.69,2.1,2.0,3.6,3.6,1.67,2.2
SP1,La Liga,Spain,2026-27,2026-08-28,20:30,Alaves,Villarreal,1.0,0.0,H,1.0,0.0,1.0,False,9,19,2,6,5,9,3,1,0,0,15,8,3.03,3.44,2.26,1.78,1.96,3.2,3.5,2.2,1.8,2.0
SP1,La Liga,Spain,2026-27,2026-08-29,16:00,Levante,Betis,5.0,2.0,H,2.0,2.0,7.0,False,19,20,10,6,5,8,1,1,0,0,9,7,3.1,3.34,2.27,1.83,1.93,3.4,3.3,2.2,1.98,1.88
SP1,La Liga,Spain,2026-27,2026-08-29,18:00,Sociedad,Espanol,2.0,1.0,H,1.0,1.0,3.0,False,17,11,10,3,7,3,2,4,0,0,19,14,1.85,3.68,4.02,1.72,2.05,1.91,3.6,4.0,1.88,1.98
SP1,La Liga,Spain,2026-27,2026-08-29,20:30,Sevilla,Ath Madrid,1.0,3.0,A,0.0,3.0,4.0,False,20,12,5,5,4,2,2,2,0,0,20,16,3.99,3.43,1.93,2.03,1.75,3.6,3.3,2.1,1.98,1.88
SP1,La Liga,Spain,2026-27,2026-08-30,16:00,Real Madrid,Malaga,4.0,0.0,H,3.0,0.0,4.0,False,19,14,8,1,9,6,0,2,0,0,6,9,1.09,10.72,21.88,1.21,4.21,1.11,9.0,21.0,1.33,3.4
SP1,La Liga,Spain,2026-27,2026-08-30,18:30,La Coruna,Valencia,3.0,1.0,H,2.0,1.0,4.0,False,11,12,4,4,5,5,2,1,1,0,14,5,2.72,2.98,2.82,2.36,1.56,2.55,3.0,3.1,2.38,1.57
SP1,La Liga,Spain,2026-27,2026-08-30,20:30,Celta,Ath Bilbao,0.0,2.0,A,0.0,2.0,2.0,False,8,17,2,7,4,7,0,3,0,0,8,17,2.77,3.1,2.65,2.27,1.6,2.38,3.2,3.1,2.1,1.73
SP1,La Liga,Spain,2026-27,2026-08-31,18:30,Osasuna,Getafe,1.0,0.0,H,1.0,0.0,1.0,False,10,11,2,1,1,3,5,4,0,0,17,14,2.15,2.85,4.08,3.01,1.37,2.2,3.0,3.75,3.0,1.4
SP1,La Liga,Spain,2026-27,2026-08-31,20:30,Barcelona,Vallecano,5.0,2.0,H,2.0,1.0,7.0,False,26,11,9,5,9,5,0,1,0,0,4,11,1.1,10.44,19.91,1.19,4.49,1.17,8.0,13.0,1.36,3.2
F1,Ligue 1,France,2026-27,2026-08-21,19:45,Marseille,Strasbourg,4.0,0.0,H,0.0,0.0,4.0,False,14,5,8,2,3,4,1,2,0,1,6,12,1.73,4.02,4.25,1.51,2.46,1.73,4.1,4.33,1.57,2.38
F1,Ligue 1,France,2026-27,2026-08-22,16:15,Lens,Auxerre,5.0,2.0,H,1.0,0.0,7.0,False,12,10,9,4,4,7,1,1,0,1,6,21,1.44,4.56,6.9,1.65,2.17,1.55,4.5,5.25,1.67,2.2
F1,Ligue 1,France,2026-27,2026-08-22,19:45,Le Mans,Brest,2.0,2.0,D,1.0,1.0,4.0,False,8,26,5,7,1,10,1,1,0,0,14,12,2.5,3.32,2.76,1.9,1.84,2.55,3.4,2.7,1.88,1.98
F1,Ligue 1,France,2026-27,2026-08-22,19:45,Nice,Lorient,0.0,0.0,D,0.0,0.0,0.0,True,14,10,1,2,9,3,1,0,0,0,15,8,2.33,3.23,3.1,2.06,1.71,2.1,3.5,3.4,1.85,2.0
F1,Ligue 1,France,2026-27,2026-08-22,19:45,Toulouse,Lyon,0.0,2.0,A,0.0,0.0,2.0,False,17,11,2,3,6,5,1,2,0,0,15,15,2.25,3.42,3.09,1.83,1.91,2.8,3.4,2.5,1.83,2.03
F1,Ligue 1,France,2026-27,2026-08-22,19:45,Troyes,Paris FC,0.0,0.0,D,0.0,0.0,0.0,True,9,10,2,1,6,2,2,1,0,0,8,14,3.3,3.52,2.11,1.73,2.03,3.1,3.4,2.3,1.73,2.1
F1,Ligue 1,France,2026-27,2026-08-23,14:00,Angers,Lille,0.0,2.0,A,0.0,2.0,2.0,False,20,11,2,8,8,3,2,2,0,0,11,13,4.67,3.58,1.76,2.04,1.73,5.0,3.7,1.7,2.03,1.83
F1,Ligue 1,France,2026-27,2026-08-23,16:15,Le Havre,Monaco,0.0,1.0,A,0.0,1.0,1.0,False,15,15,4,7,7,4,3,2,0,0,13,12,3.89,3.5,1.92,1.86,1.88,3.6,4.0,1.91,1.57,2.38
F1,Ligue 1,France,2026-27,2026-08-23,19:45,Rennes,Paris SG,2.0,2.0,D,2.0,0.0,4.0,False,9,19,3,5,0,10,2,2,0,0,7,6,5.94,4.84,1.45,1.41,2.78,5.75,4.75,1.5,1.44,2.75
F1,Ligue 1,France,2026-27,2026-08-28,19:45,Lille,Paris SG,2.0,2.0,D,1.0,0.0,4.0,False,9,18,4,4,0,5,2,1,0,0,11,7,4.46,3.85,1.73,1.65,2.17,5.0,3.8,1.7,1.8,2.0
F1,Ligue 1,France,2026-27,2026-08-29,16:15,Strasbourg,Lens,2.0,1.0,H,0.0,1.0,3.0,False,16,17,7,7,3,6,2,2,0,0,10,11,3.76,3.8,1.86,1.54,2.38,3.5,3.6,2.05,1.67,2.2
F1,Ligue 1,France,2026-27,2026-08-29,19:45,Auxerre,Angers,1.0,3.0,A,1.0,1.0,4.0,False,20,15,7,6,7,10,3,2,0,0,16,6,2.16,3.28,3.39,2.05,1.72,1.95,3.5,4.1,2.03,1.83
F1,Ligue 1,France,2026-27,2026-08-29,19:45,Brest,Toulouse,2.0,2.0,D,1.0,1.0,4.0,False,26,6,7,2,7,2,2,3,0,0,19,18,2.42,3.35,2.84,1.89,1.85,2.63,3.4,2.63,2.0,1.85
F1,Ligue 1,France,2026-27,2026-08-29,19:45,Lorient,Troyes,1.0,2.0,A,0.0,2.0,3.0,False,15,11,6,2,2,5,0,0,0,0,9,11,1.93,3.33,4.1,2.16,1.65,1.8,3.6,4.5,2.05,1.8
F1,Ligue 1,France,2026-27,2026-08-29,19:45,Lyon,Le Havre,1.0,1.0,D,0.0,0.0,2.0,False,16,12,5,4,5,5,0,2,0,0,7,16,1.41,4.7,7.21,1.66,2.15,1.44,4.5,7.0,1.73,2.1
F1,Ligue 1,France,2026-27,2026-08-30,14:00,Paris FC,Nice,3.0,0.0,H,1.0,0.0,3.0,False,15,15,4,4,2,4,0,1,0,0,7,7,1.94,3.42,3.94,1.97,1.78,2.05,3.3,3.8,2.1,1.73
F1,Ligue 1,France,2026-27,2026-08-30,16:15,Rennes,Le Mans,3.0,2.0,H,2.0,1.0,5.0,False,22,12,8,5,8,6,3,2,0,1,15,15,1.35,5.22,7.81,1.49,2.53,1.44,5.0,6.5,1.57,2.38
F1,Ligue 1,France,2026-27,2026-08-30,19:45,Monaco,Marseille,2.0,0.0,H,1.0,0.0,2.0,False,11,13,5,2,5,7,4,0,0,0,9,10,2.2,3.5,3.13,1.7,2.09,2.4,3.7,2.75,1.57,2.38
N1,Eredivisie,Netherlands,2026-27,2026-08-07,19:00,Cambuur,Excelsior,0.0,4.0,A,0.0,3.0,4.0,False,11,18,2,9,5,8,0,0,0,0,6,11,2.64,3.44,2.5,1.69,2.08,2.6,3.4,2.7,1.75,2.05
N1,Eredivisie,Netherlands,2026-27,2026-08-08,15:30,Nijmegen,Telstar,1.0,2.0,A,0.0,2.0,3.0,False,27,8,4,3,13,3,2,2,0,0,12,14,1.44,4.87,5.81,1.34,3.1,1.5,4.5,6.0,1.44,2.7
N1,Eredivisie,Netherlands,2026-27,2026-08-08,17:45,Go Ahead Eagles,Willem II,4.0,1.0,H,1.0,1.0,5.0,False,20,13,10,1,6,2,2,1,0,0,6,14,1.5,4.35,5.75,1.51,2.43,1.65,4.1,4.75,1.57,2.35
N1,Eredivisie,Netherlands,2026-27,2026-08-08,19:00,PSV Eindhoven,For Sittard,2.0,2.0,D,0.0,1.0,4.0,False,21,8,6,6,9,0,1,1,0,0,9,6,1.16,8.07,12.63,1.18,4.37,1.2,7.5,12.0,1.22,4.2
N1,Eredivisie,Netherlands,2026-27,2026-08-08,20:00,AZ Alkmaar,Den Haag,2.0,0.0,H,0.0,0.0,2.0,False,12,10,4,0,9,7,0,1,0,0,9,14,1.35,5.09,7.53,1.41,2.71,1.45,4.5,7.0,1.53,2.4
N1,Eredivisie,Netherlands,2026-27,2026-08-09,11:15,Sparta Rotterdam,Feyenoord,0.0,1.0,A,0.0,1.0,1.0,False,10,22,0,6,5,10,3,1,0,0,11,8,4.94,4.23,1.58,1.5,2.46,4.5,4.1,1.7,1.53,2.4
N1,Eredivisie,Netherlands,2026-27,2026-08-09,13:30,Groningen,Utrecht,2.0,1.0,H,1.0,0.0,3.0,False,16,14,5,7,5,1,0,2,0,0,12,17,2.19,3.47,3.06,1.73,2.01,2.3,3.5,3.0,1.8,2.0
N1,Eredivisie,Netherlands,2026-27,2026-08-09,13:30,Zwolle,Ajax,0.0,2.0,A,0.0,0.0,2.0,False,7,26,2,6,2,10,2,2,1,0,12,10,6.0,4.68,1.45,1.44,2.63,6.0,4.5,1.5,1.48,2.6
N1,Eredivisie,Netherlands,2026-27,2026-08-09,15:45,Heerenveen,Twente,1.0,0.0,H,0.0,0.0,1.0,False,7,18,4,3,4,8,2,1,0,0,7,7,3.12,3.78,2.05,1.45,2.61,3.0,3.8,2.2,1.48,2.6
N1,Eredivisie,Netherlands,2026-27,2026-08-14,19:00,Telstar,Sparta Rotterdam,1.0,3.0,A,0.0,1.0,4.0,False,7,16,1,9,7,5,1,1,0,0,13,17,2.13,3.69,3.03,1.53,2.39,2.15,3.6,3.2,1.57,2.35
N1,Eredivisie,Netherlands,2026-27,2026-08-15,15:30,Willem II,Nijmegen,1.0,4.0,A,0.0,1.0,5.0,False,9,21,2,10,1,2,1,0,0,0,10,14,4.72,4.38,1.58,1.43,2.66,4.75,4.75,1.57,1.44,2.7
N1,Eredivisie,Netherlands,2026-27,2026-08-15,17:45,Utrecht,AZ Alkmaar,1.0,4.0,A,0.0,1.0,5.0,False,8,24,2,9,3,9,4,2,0,0,23,14,2.87,3.54,2.28,1.66,2.13,2.75,3.75,2.38,1.57,2.35
N1,Eredivisie,Netherlands,2026-27,2026-08-15,19:00,Excelsior,PSV Eindhoven,1.0,2.0,A,0.0,1.0,3.0,False,5,20,2,8,1,7,1,0,0,0,9,3,6.03,5.02,1.42,1.28,3.41,5.5,4.33,1.57,1.36,3.1
N1,Eredivisie,Netherlands,2026-27,2026-08-15,20:00,For Sittard,Cambuur,3.0,1.0,H,2.0,1.0,4.0,False,17,19,7,7,6,7,0,2,0,0,10,9,1.59,4.21,4.82,1.47,2.55,1.7,4.0,4.75,1.5,2.5
N1,Eredivisie,Netherlands,2026-27,2026-08-16,11:15,Den Haag,Groningen,1.0,4.0,A,0.0,3.0,5.0,False,10,17,4,14,5,2,0,1,0,0,11,11,2.48,3.52,2.62,1.68,2.1,2.75,3.75,2.38,1.65,2.2
N1,Eredivisie,Netherlands,2026-27,2026-08-16,13:30,Feyenoord,Go Ahead Eagles,2.0,2.0,D,2.0,0.0,4.0,False,27,14,6,6,6,6,0,0,0,0,3,8,1.23,6.46,9.88,1.28,3.45,1.36,5.5,7.5,1.36,3.1
N1,Eredivisie,Netherlands,2026-27,2026-08-16,13:30,Twente,Zwolle,3.0,1.0,H,1.0,1.0,4.0,False,27,8,10,3,6,3,0,0,0,0,11,6,1.26,6.06,9.23,1.37,2.93,1.29,6.0,9.5,1.36,3.1
N1,Eredivisie,Netherlands,2026-27,2026-08-16,15:45,Ajax,Heerenveen,2.0,2.0,D,2.0,1.0,4.0,False,23,14,4,8,7,2,3,1,0,0,8,10,1.42,4.75,6.28,1.38,2.87,1.44,4.5,7.0,1.4,2.88
N1,Eredivisie,Netherlands,2026-27,2026-08-22,15:30,For Sittard,AZ Alkmaar,0.0,2.0,A,0.0,0.0,2.0,False,4,26,2,11,1,15,0,1,1,0,9,11,4.97,4.31,1.57,1.44,2.66,5.25,4.2,1.6,1.48,2.6
N1,Eredivisie,Netherlands,2026-27,2026-08-22,17:45,Sparta Rotterdam,Utrecht,3.0,3.0,D,1.0,1.0,6.0,False,14,16,5,4,5,7,0,0,0,0,10,13,2.52,3.43,2.62,1.69,2.07,2.63,3.4,2.63,1.7,2.1
N1,Eredivisie,Netherlands,2026-27,2026-08-22,20:00,Heerenveen,Zwolle,0.0,2.0,A,0.0,0.0,2.0,False,18,20,5,7,5,3,1,2,0,0,6,13,1.47,4.65,5.7,1.42,2.72,1.6,4.2,5.25,1.44,2.7
N1,Eredivisie,Netherlands,2026-27,2026-08-23,11:15,Go Ahead Eagles,Den Haag,3.0,1.0,H,1.0,0.0,4.0,False,11,16,5,3,5,3,1,2,0,0,10,13,1.67,4.08,4.44,1.42,2.72,1.73,3.8,4.75,1.53,2.4
N1,Eredivisie,Netherlands,2026-27,2026-08-23,13:30,PSV Eindhoven,Groningen,5.0,1.0,H,3.0,1.0,6.0,False,24,7,12,4,9,4,1,1,0,0,10,4,1.27,6.22,8.42,1.23,3.87,1.36,5.0,8.5,1.33,3.4
N1,Eredivisie,Netherlands,2026-27,2026-08-23,15:45,Cambuur,Feyenoord,2.0,5.0,A,0.0,4.0,7.0,False,11,14,4,7,3,3,0,1,0,0,14,13,10.66,6.69,1.22,1.3,3.32,11.0,5.75,1.27,1.4,2.88
N1,Eredivisie,Netherlands,2026-27,2026-08-28,19:00,Groningen,For Sittard,2.0,3.0,A,1.0,2.0,5.0,False,22,9,2,5,7,2,3,4,0,0,8,8,1.47,4.53,5.87,1.48,2.53,1.45,4.75,6.25,1.48,2.6
N1,Eredivisie,Netherlands,2026-27,2026-08-29,15:30,Excelsior,Sparta Rotterdam,2.0,1.0,H,1.0,0.0,3.0,False,15,10,5,2,6,4,2,1,0,0,13,7,2.17,3.63,2.97,1.58,2.27,2.4,3.8,2.63,1.53,2.4
N1,Eredivisie,Netherlands,2026-27,2026-08-29,17:45,AZ Alkmaar,Go Ahead Eagles,5.0,2.0,H,2.0,1.0,7.0,False,20,10,8,4,8,4,0,0,0,0,9,6,1.32,5.57,7.61,1.32,3.21,1.4,5.0,7.5,1.4,2.88
N1,Eredivisie,Netherlands,2026-27,2026-08-29,20:00,Zwolle,Nijmegen,1.0,3.0,A,1.0,2.0,4.0,False,9,8,2,4,6,7,1,3,0,0,17,12,3.24,4.01,1.95,1.36,3.0,4.5,4.33,1.67,1.44,2.7
N1,Eredivisie,Netherlands,2026-27,2026-08-30,11:15,Utrecht,PSV Eindhoven,1.0,6.0,A,1.0,2.0,7.0,False,1,30,1,14,0,13,5,1,0,0,21,8,5.61,5.04,1.44,1.25,3.7,4.5,4.33,1.67,1.4,2.88
N1,Eredivisie,Netherlands,2026-27,2026-08-30,13:30,Feyenoord,Den Haag,2.0,2.0,D,0.0,1.0,4.0,False,33,8,12,3,11,3,0,3,0,0,5,9,1.18,7.4,12.03,1.24,3.84,1.17,8.0,15.0,1.29,3.6
N1,Eredivisie,Netherlands,2026-27,2026-08-30,13:30,Willem II,Heerenveen,2.0,2.0,D,0.0,0.0,4.0,False,12,13,5,5,9,7,0,0,0,0,9,5,4.0,4.1,1.73,1.42,2.72,4.0,4.33,1.75,1.44,2.7
N1,Eredivisie,Netherlands,2026-27,2026-08-30,15:45,Telstar,Ajax,0.0,4.0,A,0.0,1.0,4.0,False,11,12,4,9,5,4,0,0,0,0,11,13,5.43,4.78,1.48,1.34,3.06,5.0,4.5,1.57,1.4,2.88
N1,Eredivisie,Netherlands,2026-27,2026-08-30,19:00,Cambuur,Twente,1.0,4.0,A,0.0,2.0,5.0,False,10,23,3,10,2,9,1,1,0,0,6,14,8.0,5.84,1.29,1.31,3.27,7.5,5.75,1.33,1.44,2.7
B1,Jupiler League,Belgium,2026-27,2026-08-07,19:45,Club Brugge,Kortrijk,3.0,0.0,H,1.0,0.0,3.0,False,20,9,8,3,6,1,1,1,0,0,6,10,1.19,6.91,11.3,1.32,3.17,1.22,6.0,10.0,1.36,3.1
B1,Jupiler League,Belgium,2026-27,2026-08-08,17:15,Standard,Cercle Brugge,2.0,2.0,D,1.0,1.0,4.0,False,20,18,6,2,7,11,1,1,0,0,9,13,2.3,3.38,2.86,1.85,1.86,2.2,3.5,2.8,1.95,1.85
B1,Jupiler League,Belgium,2026-27,2026-08-08,19:45,St Truiden,Lommel SK,1.0,1.0,D,0.0,1.0,2.0,False,32,9,4,2,6,2,1,0,0,0,13,7,1.43,4.49,6.49,1.6,2.23,1.6,3.75,5.25,1.8,2.0
B1,Jupiler League,Belgium,2026-27,2026-08-08,19:45,Westerlo,St. Gilloise,1.0,5.0,A,1.0,1.0,6.0,False,12,19,3,10,4,5,1,2,0,0,12,8,5.53,4.1,1.52,1.69,2.06,3.9,3.75,1.7,1.8,2.0
B1,Jupiler League,Belgium,2026-27,2026-08-09,12:30,Gent,Mechelen,2.0,0.0,H,2.0,0.0,2.0,False,15,5,8,2,4,1,0,1,0,0,11,11,1.88,3.4,3.96,1.94,1.79,1.91,3.5,3.6,1.9,1.9
B1,Jupiler League,Belgium,2026-27,2026-08-09,15:00,Charleroi,Oud-Heverlee Leuven,3.0,1.0,H,1.0,1.0,4.0,False,24,12,10,3,6,2,1,2,0,1,7,13,1.75,3.65,4.25,1.76,1.98,1.75,3.5,4.2,2.0,1.8
B1,Jupiler League,Belgium,2026-27,2026-08-09,15:00,Waregem,Genk,2.0,1.0,H,0.0,1.0,3.0,False,11,10,5,3,6,3,1,4,0,0,13,16,3.25,3.58,2.03,1.65,2.12,2.9,3.6,2.1,1.73,2.08
B1,Jupiler League,Belgium,2026-27,2026-08-09,17:30,Anderlecht,RAAL La Louviere,2.0,1.0,H,0.0,0.0,3.0,False,32,5,7,2,10,1,2,3,0,1,12,12,1.63,3.71,5.03,1.89,1.83,1.73,3.5,4.2,1.95,1.85
B1,Jupiler League,Belgium,2026-27,2026-08-09,18:15,Antwerp,Beveren,2.0,1.0,H,0.0,1.0,3.0,False,19,11,7,4,5,3,2,4,0,0,15,7,2.38,3.2,2.89,2.03,1.71,1.73,3.5,4.33,2.08,1.73
B1,Jupiler League,Belgium,2026-27,2026-08-14,19:45,Cercle Brugge,St Truiden,3.0,3.0,D,1.0,2.0,6.0,False,26,13,8,7,10,3,0,3,0,0,7,9,2.61,3.45,2.47,1.67,2.1,2.35,3.5,2.88,1.7,2.1
B1,Jupiler League,Belgium,2026-27,2026-08-15,15:00,St. Gilloise,Waregem,0.0,0.0,D,0.0,0.0,0.0,True,9,11,3,4,9,3,2,0,0,0,14,13,1.44,4.31,6.66,1.67,2.1,1.33,5.0,9.5,1.6,2.3
B1,Jupiler League,Belgium,2026-27,2026-08-15,17:15,Kortrijk,Antwerp,0.0,3.0,A,0.0,1.0,3.0,False,15,16,2,7,3,10,1,0,0,0,5,11,2.48,3.21,2.75,1.96,1.77,2.55,3.2,2.7,2.03,1.78
B1,Jupiler League,Belgium,2026-27,2026-08-15,19:45,Genk,Westerlo,3.0,2.0,H,2.0,2.0,5.0,False,22,12,7,2,8,4,3,3,0,0,15,14,1.38,5.08,6.37,1.33,3.15,1.62,4.1,5.0,1.5,2.5
B1,Jupiler League,Belgium,2026-27,2026-08-15,19:45,Oud-Heverlee Leuven,Club Brugge,0.0,3.0,A,0.0,1.0,3.0,False,16,28,1,9,4,16,0,0,0,0,12,8,6.0,4.53,1.44,1.45,2.61,6.0,4.75,1.44,1.48,2.6
B1,Jupiler League,Belgium,2026-27,2026-08-16,12:30,Beveren,Anderlecht,1.0,0.0,H,1.0,0.0,1.0,False,10,16,3,6,1,12,0,1,0,0,9,15,3.01,3.52,2.17,1.62,2.18,3.3,3.5,2.1,1.8,2.0
B1,Jupiler League,Belgium,2026-27,2026-08-16,15:00,RAAL La Louviere,Gent,1.0,2.0,A,1.0,1.0,3.0,False,11,8,5,3,6,3,1,0,0,0,12,5,3.12,3.11,2.3,2.18,1.63,3.1,3.25,2.3,1.95,1.85
B1,Jupiler League,Belgium,2026-27,2026-08-16,17:30,Mechelen,Standard,3.0,3.0,D,1.0,2.0,6.0,False,19,16,4,7,5,2,0,3,0,0,8,17,2.77,3.14,2.51,2.12,1.66,2.63,3.3,2.63,1.98,1.83
B1,Jupiler League,Belgium,2026-27,2026-08-16,18:15,Lommel SK,Charleroi,0.0,1.0,A,0.0,0.0,1.0,False,8,23,0,5,2,12,1,0,0,0,8,7,4.01,3.79,1.77,1.61,2.2,3.25,3.4,2.1,1.75,2.05
B1,Jupiler League,Belgium,2026-27,2026-08-21,19:45,Standard,RAAL La Louviere,2.0,0.0,H,0.0,0.0,2.0,False,11,13,4,5,5,1,1,3,0,1,11,15,1.84,3.38,4.09,2.0,1.75,1.95,3.4,3.6,2.05,1.75
B1,Jupiler League,Belgium,2026-27,2026-08-22,15:00,Waregem,Beveren,4.0,0.0,H,2.0,0.0,4.0,False,17,10,7,3,1,6,0,3,0,0,7,13,2.01,3.57,3.27,1.65,2.13,1.95,3.5,3.3,1.83,1.98
B1,Jupiler League,Belgium,2026-27,2026-08-22,17:15,Charleroi,Mechelen,2.0,0.0,H,1.0,0.0,2.0,False,12,5,4,0,3,2,0,0,0,0,8,15,1.65,3.87,4.67,1.7,2.05,1.75,3.6,4.2,1.8,2.0
B1,Jupiler League,Belgium,2026-27,2026-08-22,19:45,Antwerp,Genk,4.0,4.0,D,1.0,1.0,8.0,False,15,11,6,7,5,4,0,2,0,0,15,15,3.41,3.55,1.97,1.68,2.09,3.1,3.4,2.1,1.83,1.98
B1,Jupiler League,Belgium,2026-27,2026-08-23,15:00,Lommel SK,Westerlo,4.0,0.0,H,2.0,0.0,4.0,False,13,17,6,4,5,4,0,1,0,0,5,10,2.9,3.58,2.19,1.53,2.37,2.5,3.3,2.5,1.7,2.1
B1,Jupiler League,Belgium,2026-27,2026-08-23,17:30,Club Brugge,Cercle Brugge,1.0,0.0,H,1.0,0.0,1.0,False,15,10,4,4,9,4,0,1,0,0,3,14,1.23,6.13,9.64,1.36,2.98,1.29,5.25,8.0,1.3,3.5
B1,Jupiler League,Belgium,2026-27,2026-08-28,19:45,Genk,Beveren,4.0,0.0,H,3.0,0.0,4.0,False,12,13,7,1,3,9,0,1,0,0,7,4,1.55,4.21,5.01,1.47,2.53,1.42,4.1,6.0,1.48,2.6
B1,Jupiler League,Belgium,2026-27,2026-08-29,15:00,RAAL La Louviere,Mechelen,2.0,2.0,D,2.0,1.0,4.0,False,14,16,5,7,1,6,2,2,0,0,10,8,2.38,3.13,2.92,2.11,1.67,2.3,3.2,2.88,2.1,1.7
B1,Jupiler League,Belgium,2026-27,2026-08-29,17:15,Kortrijk,Charleroi,1.0,3.0,A,1.0,1.0,4.0,False,13,18,5,5,6,5,1,1,0,0,13,10,3.06,3.34,2.2,1.79,1.93,3.7,3.4,1.91,1.8,2.0
B1,Jupiler League,Belgium,2026-27,2026-08-29,19:45,Cercle Brugge,Lommel SK,0.0,1.0,A,0.0,0.0,1.0,False,19,14,3,3,9,4,2,3,0,0,10,10,1.57,4.36,4.64,1.36,2.95,1.5,4.33,5.25,1.5,2.5
B1,Jupiler League,Belgium,2026-27,2026-08-29,19:45,Oud-Heverlee Leuven,Standard,1.0,2.0,A,0.0,1.0,3.0,False,22,5,3,3,6,3,2,2,0,0,7,8,2.58,3.35,2.53,1.76,1.97,2.8,3.25,2.35,1.9,1.9
B1,Jupiler League,Belgium,2026-27,2026-08-30,12:30,Gent,Club Brugge,2.0,1.0,H,1.0,1.0,3.0,False,13,8,8,3,1,5,4,3,1,1,14,10,4.86,3.9,1.62,1.66,2.13,4.1,3.8,1.7,1.6,2.3
B1,Jupiler League,Belgium,2026-27,2026-08-30,15:00,Antwerp,St Truiden,1.0,4.0,A,0.0,1.0,5.0,False,18,19,8,7,6,1,1,3,0,0,15,8,2.56,3.37,2.53,1.76,1.97,2.45,3.4,2.7,1.8,2.0
B1,Jupiler League,Belgium,2026-27,2026-08-30,17:30,St. Gilloise,Anderlecht,3.0,0.0,H,2.0,0.0,3.0,False,15,12,7,2,4,3,2,2,0,0,11,14,1.75,3.63,4.32,1.77,1.96,1.67,3.7,4.75,1.75,2.05
B1,Jupiler League,Belgium,2026-27,2026-08-30,18:15,Westerlo,Waregem,2.0,2.0,D,1.0,1.0,4.0,False,16,14,7,5,3,8,1,0,0,0,18,12,2.75,3.56,2.28,1.55,2.35,2.8,3.6,2.2,1.53,2.4
P1,Primeira Liga,Portugal,2026-27,2026-08-07,20:15,Estoril,Famalicao,1.0,1.0,D,0.0,1.0,2.0,False,14,6,3,3,7,6,1,2,0,0,12,13,2.88,3.22,2.39,1.98,1.75,2.75,3.3,2.4,1.93,1.93
P1,Primeira Liga,Portugal,2026-27,2026-08-08,15:30,Maritimo,Casa Pia,1.0,0.0,H,0.0,0.0,1.0,False,16,9,4,4,2,6,2,2,0,0,17,13,1.95,3.19,3.97,2.31,1.55,2.32,3.5,2.75,2.0,1.8
P1,Primeira Liga,Portugal,2026-27,2026-08-08,18:00,Guimaraes,Arouca,0.0,1.0,A,0.0,0.0,1.0,False,24,4,3,2,5,2,2,5,0,1,9,7,1.91,3.47,3.81,1.86,1.86,1.86,3.4,4.0,1.95,1.9
P1,Primeira Liga,Portugal,2026-27,2026-08-08,20:30,Estrela,Sp Lisbon,2.0,2.0,D,0.0,0.0,4.0,False,9,15,4,8,5,4,2,2,0,0,13,14,8.63,4.98,1.32,1.64,2.16,12.0,5.75,1.22,1.53,2.4
P1,Primeira Liga,Portugal,2026-27,2026-08-09,18:00,Porto,Alverca,2.0,0.0,H,2.0,0.0,2.0,False,10,15,4,5,7,9,0,4,0,0,13,10,1.19,6.0,13.3,1.63,2.17,1.15,6.5,15.0,1.57,2.35
P1,Primeira Liga,Portugal,2026-27,2026-08-09,20:30,Benfica,Academico Viseu,2.0,2.0,D,1.0,0.0,4.0,False,28,8,11,4,10,2,2,4,0,0,14,13,1.1,8.93,19.63,1.34,3.05,1.1,9.0,21.0,1.44,2.7
P1,Primeira Liga,Portugal,2026-27,2026-08-09,20:30,Gil Vicente,Rio Ave,1.0,0.0,H,0.0,0.0,1.0,False,13,6,5,2,5,2,1,3,0,1,14,9,2.09,3.23,3.47,2.15,1.64,1.91,3.5,3.8,1.98,1.88
P1,Primeira Liga,Portugal,2026-27,2026-08-09,20:30,Moreirense,Sp Braga,2.0,2.0,D,1.0,1.0,4.0,False,7,13,3,4,4,2,4,2,0,0,15,20,6.05,3.89,1.53,1.98,1.76,5.0,3.6,1.66,2.0,1.85
P1,Primeira Liga,Portugal,2026-27,2026-08-10,20:15,Santa Clara,Nacional,2.0,2.0,D,2.0,2.0,4.0,False,19,10,7,4,4,4,2,2,0,0,15,14,1.88,3.13,4.46,2.53,1.48,1.86,3.25,4.2,2.15,1.67
P1,Primeira Liga,Portugal,2026-27,2026-08-14,20:15,Sp Lisbon,Guimaraes,3.0,2.0,H,3.0,0.0,5.0,False,5,12,3,3,5,1,4,4,0,0,12,21,1.38,4.76,7.12,1.56,2.31,1.3,5.25,8.0,1.57,2.35
P1,Primeira Liga,Portugal,2026-27,2026-08-15,15:30,Alverca,Estrela,2.0,2.0,D,0.0,0.0,4.0,False,14,10,4,7,2,0,2,4,1,0,10,12,2.09,3.22,3.45,2.03,1.73,2.1,3.3,3.4,2.15,1.67
P1,Primeira Liga,Portugal,2026-27,2026-08-15,18:00,Academico Viseu,Santa Clara,0.0,1.0,A,0.0,1.0,1.0,False,10,8,1,2,4,2,1,3,0,0,11,16,2.69,3.02,2.69,2.4,1.52,2.82,3.2,2.45,2.2,1.65
P1,Primeira Liga,Portugal,2026-27,2026-08-15,20:30,Rio Ave,Porto,0.0,2.0,A,0.0,1.0,2.0,False,13,14,1,6,6,6,0,0,0,0,1,10,8.3,4.76,1.34,1.73,2.01,7.5,4.5,1.39,1.83,2.03
P1,Primeira Liga,Portugal,2026-27,2026-08-16,15:30,Nacional,Estoril,2.0,0.0,H,0.0,0.0,2.0,False,20,9,3,5,7,4,2,4,0,1,13,13,2.86,3.27,2.37,1.88,1.85,2.65,3.3,2.55,1.93,1.93
P1,Primeira Liga,Portugal,2026-27,2026-08-16,18:00,Arouca,Moreirense,4.0,0.0,H,3.0,0.0,4.0,False,14,5,6,1,5,3,3,4,0,0,10,9,1.78,3.46,4.38,2.04,1.71,2.01,3.3,3.7,2.1,1.7
P1,Primeira Liga,Portugal,2026-27,2026-08-16,20:30,Famalicao,Maritimo,1.0,2.0,A,1.0,1.0,3.0,False,14,9,4,4,5,1,1,2,0,0,11,16,1.72,3.47,4.87,2.1,1.67,1.76,3.6,4.5,2.05,1.75
P1,Primeira Liga,Portugal,2026-27,2026-08-17,20:15,Casa Pia,Benfica,0.0,7.0,A,0.0,2.0,7.0,False,3,20,0,8,1,3,3,0,1,0,11,13,13.88,6.84,1.17,1.48,2.52,13.0,6.0,1.19,1.57,2.35
P1,Primeira Liga,Portugal,2026-27,2026-08-22,15:30,Maritimo,Academico Viseu,2.0,2.0,D,0.0,2.0,4.0,False,11,13,4,7,4,5,2,6,0,0,15,16,2.01,3.21,3.77,2.22,1.6,1.96,3.25,3.9,2.15,1.67
P1,Primeira Liga,Portugal,2026-27,2026-08-22,18:00,Estoril,Rio Ave,0.0,2.0,A,0.0,1.0,2.0,False,18,3,6,3,6,3,1,1,0,0,11,14,1.95,3.46,3.62,1.84,1.89,1.86,3.5,4.0,1.8,2.0
P1,Primeira Liga,Portugal,2026-27,2026-08-22,20:30,Sp Lisbon,Alverca,3.0,1.0,H,1.0,0.0,4.0,False,15,10,7,3,3,4,1,3,0,0,13,17,1.22,6.34,11.06,1.43,2.67,1.19,6.0,12.0,1.48,2.6
P1,Primeira Liga,Portugal,2026-27,2026-08-23,15:30,Guimaraes,Nacional,1.0,0.0,H,1.0,0.0,1.0,False,23,7,5,0,4,3,2,1,0,0,18,8,1.59,3.86,5.4,1.84,1.88,1.66,3.6,5.0,1.95,1.9
P1,Primeira Liga,Portugal,2026-27,2026-08-23,18:00,Santa Clara,Famalicao,1.0,0.0,H,1.0,0.0,1.0,False,12,9,2,3,1,9,1,3,0,0,16,16,2.79,2.94,2.64,2.52,1.48,2.65,2.85,2.82,2.5,1.5
P1,Primeira Liga,Portugal,2026-27,2026-08-23,20:30,Porto,Arouca,2.0,0.0,H,0.0,0.0,2.0,False,23,4,10,1,12,2,1,0,0,0,16,8,1.27,5.28,9.67,1.6,2.22,1.22,5.5,12.0,1.62,2.25
P1,Primeira Liga,Portugal,2026-27,2026-08-24,20:15,Gil Vicente,Casa Pia,2.0,0.0,H,2.0,0.0,2.0,False,8,13,4,2,3,4,1,1,0,0,11,12,1.75,3.34,4.88,2.33,1.54,1.66,3.5,5.25,2.3,1.6
P1,Primeira Liga,Portugal,2026-27,2026-08-28,20:15,Rio Ave,Sp Lisbon,0.0,4.0,A,0.0,4.0,4.0,False,6,14,0,7,2,3,1,1,0,0,7,14,8.15,5.24,1.32,1.54,2.36,8.5,5.5,1.27,1.6,2.3
P1,Primeira Liga,Portugal,2026-27,2026-08-29,15:30,Alverca,Santa Clara,1.0,1.0,D,0.0,0.0,2.0,False,5,15,1,3,10,4,1,2,0,0,14,9,2.32,3.07,3.08,2.3,1.57,2.57,3.1,2.65,2.35,1.57
P1,Primeira Liga,Portugal,2026-27,2026-08-29,15:30,Arouca,Maritimo,2.0,1.0,H,1.0,1.0,3.0,False,17,12,7,4,2,3,2,1,0,0,8,9,2.06,3.27,3.53,2.03,1.72,2.1,3.25,3.4,2.08,1.73
P1,Primeira Liga,Portugal,2026-27,2026-08-29,18:00,Academico Viseu,Porto,0.0,3.0,A,0.0,3.0,3.0,False,9,5,1,4,1,1,0,0,0,0,13,19,9.52,4.91,1.31,1.78,1.95,9.0,4.75,1.3,1.7,2.1
P1,Primeira Liga,Portugal,2026-27,2026-08-30,15:30,Nacional,Estrela,2.0,3.0,A,1.0,1.0,5.0,False,10,14,5,4,4,3,2,1,0,0,12,9,2.34,3.18,3.0,2.08,1.68,2.3,3.3,3.1,2.0,1.85
P1,Primeira Liga,Portugal,2026-27,2026-08-30,18:00,Casa Pia,Moreirense,0.0,1.0,A,0.0,1.0,1.0,False,14,6,2,5,5,1,1,3,0,0,14,18,2.57,3.04,2.8,2.42,1.52,2.35,3.1,3.1,2.4,1.53
P1,Primeira Liga,Portugal,2026-27,2026-08-30,20:30,Famalicao,Gil Vicente,0.0,0.0,D,0.0,0.0,0.0,True,7,7,1,1,6,3,2,4,0,0,10,19,1.83,3.25,4.45,2.31,1.56,2.15,3.25,3.3,2.25,1.62
P1,Primeira Liga,Portugal,2026-27,2026-08-31,20:15,Benfica,Estoril,2.0,1.0,H,1.0,0.0,3.0,False,25,4,8,2,9,0,0,1,0,0,14,12,1.09,9.99,19.25,1.27,3.56,1.15,7.5,12.0,1.4,2.88
P1,Primeira Liga,Portugal,2026-27,2026-08-31,20:15,Sp Braga,Guimaraes,1.0,0.0,H,0.0,0.0,1.0,False,9,8,4,2,2,2,2,3,0,0,11,18,1.8,3.36,4.47,2.14,1.65,1.68,3.6,5.0,1.98,1.88
T1,Super Lig,Turkey,2026-27,2026-08-14,19:30,Galatasaray,Corum,2.0,2.0,D,0.0,0.0,4.0,False,38,8,13,3,8,1,1,0,0,1,11,6,1.34,4.91,7.65,1.52,2.39,1.25,5.75,9.0,1.53,2.4
T1,Super Lig,Turkey,2026-27,2026-08-15,17:00,Kasimpasa,Trabzonspor,1.0,1.0,D,0.0,1.0,2.0,False,9,13,4,5,3,10,2,0,0,0,17,9,3.72,3.41,1.92,1.86,1.86,4.2,3.75,1.76,1.8,2.0
T1,Super Lig,Turkey,2026-27,2026-08-15,17:00,Konyaspor,Rizespor,0.0,1.0,A,0.0,0.0,1.0,False,7,14,3,5,1,7,1,4,0,0,12,11,2.34,3.17,2.94,1.88,1.83,2.35,3.4,2.82,1.85,1.95
T1,Super Lig,Turkey,2026-27,2026-08-15,19:30,Gaziantep,Alanyaspor,1.0,1.0,D,0.0,1.0,2.0,False,13,11,5,2,0,4,3,3,0,0,14,21,2.41,3.11,2.86,2.13,1.65,2.45,3.4,2.65,1.9,1.9
T1,Super Lig,Turkey,2026-27,2026-08-15,19:30,Genclerbirligi,Fenerbahce,2.0,1.0,H,1.0,1.0,3.0,False,10,27,3,11,1,12,0,1,0,0,7,10,5.11,3.83,1.59,1.82,1.9,7.0,4.75,1.39,1.7,2.1
T1,Super Lig,Turkey,2026-27,2026-08-16,17:00,Buyuksehyr,Kocaelispor,2.0,0.0,H,1.0,0.0,2.0,False,17,8,5,4,8,2,2,2,0,0,14,14,1.63,3.64,5.18,1.93,1.79,1.46,4.0,7.0,1.85,1.95
T1,Super Lig,Turkey,2026-27,2026-08-16,19:30,Amedspor,Erzurumspor,3.0,0.0,H,0.0,0.0,3.0,False,13,5,5,1,4,4,1,0,0,0,10,12,2.13,3.29,3.26,1.82,1.91,2.2,3.4,3.1,1.8,2.0
T1,Super Lig,Turkey,2026-27,2026-08-16,19:30,Besiktas,Eyupspor,1.0,0.0,H,1.0,0.0,1.0,False,19,4,5,1,8,2,2,3,0,1,20,14,1.31,5.2,8.21,1.47,2.54,1.3,5.0,9.0,1.53,2.4
T1,Super Lig,Turkey,2026-27,2026-08-17,19:30,Samsunspor,Goztep,3.0,3.0,D,2.0,1.0,6.0,False,21,20,3,7,4,8,1,3,0,0,8,13,2.15,3.28,3.2,1.86,1.85,2.1,3.3,3.4,2.08,1.73
T1,Super Lig,Turkey,2026-27,2026-08-21,19:30,Erzurumspor,Galatasaray,0.0,4.0,A,0.0,3.0,4.0,False,12,10,4,4,2,2,1,0,0,0,11,12,5.71,4.08,1.51,1.65,2.15,6.25,4.1,1.46,1.67,2.15
T1,Super Lig,Turkey,2026-27,2026-08-22,17:00,Corum,Kasimpasa,0.0,1.0,A,0.0,1.0,1.0,False,16,6,2,1,7,0,1,3,0,0,12,13,1.97,3.32,3.7,2.04,1.71,2.2,3.5,3.0,1.9,1.9
T1,Super Lig,Turkey,2026-27,2026-08-22,17:00,Rizespor,Samsunspor,0.0,2.0,A,0.0,1.0,2.0,False,28,6,8,3,10,1,1,1,0,0,13,11,1.88,3.53,3.74,1.72,2.03,2.25,3.4,3.1,1.83,1.98
T1,Super Lig,Turkey,2026-27,2026-08-22,19:30,Fenerbahce,Konyaspor,4.0,2.0,H,3.0,1.0,6.0,False,20,17,9,8,7,3,0,3,0,0,11,10,1.23,5.69,11.12,1.53,2.38,1.25,5.25,10.0,1.53,2.4
T1,Super Lig,Turkey,2026-27,2026-08-23,17:00,Eyupspor,Gaziantep,0.0,1.0,A,0.0,0.0,1.0,False,12,9,1,2,4,2,0,1,0,1,16,17,2.87,3.25,2.34,1.87,1.85,2.75,3.3,2.4,1.9,1.9
T1,Super Lig,Turkey,2026-27,2026-08-23,17:00,Trabzonspor,Buyuksehyr,2.0,1.0,H,1.0,1.0,3.0,False,19,12,8,4,5,1,3,4,0,0,13,18,1.86,3.72,3.62,1.54,2.34,2.01,3.6,3.3,1.7,2.1
T1,Super Lig,Turkey,2026-27,2026-08-23,19:30,Alanyaspor,Besiktas,1.0,0.0,H,0.0,0.0,1.0,False,9,14,3,6,7,7,0,0,0,0,14,14,4.69,3.45,1.72,2.01,1.73,3.75,3.6,1.86,1.8,2.0
T1,Super Lig,Turkey,2026-27,2026-08-23,19:30,Goztep,Genclerbirligi,0.0,1.0,A,0.0,0.0,1.0,False,16,10,6,2,6,5,1,2,0,0,15,12,1.94,3.31,3.73,1.96,1.77,1.61,3.8,5.0,1.9,1.9
T1,Super Lig,Turkey,2026-27,2026-08-24,19:30,Kocaelispor,Amedspor,2.0,0.0,H,1.0,0.0,2.0,False,11,12,3,1,3,7,0,2,0,0,9,16,2.4,3.0,2.99,2.31,1.55,2.1,3.6,3.1,2.08,1.73
T1,Super Lig,Turkey,2026-27,2026-08-28,19:30,Genclerbirligi,Erzurumspor,1.0,1.0,D,0.0,0.0,2.0,False,16,9,5,4,3,5,3,3,0,0,15,11,2.21,2.97,3.43,2.42,1.51,1.96,3.25,3.9,2.3,1.6
T1,Super Lig,Turkey,2026-27,2026-08-29,17:00,Konyaspor,Kocaelispor,1.0,2.0,A,1.0,0.0,3.0,False,10,15,0,7,1,4,1,3,1,0,16,12,1.94,3.12,4.04,2.43,1.51,1.91,3.4,3.8,2.08,1.73
T1,Super Lig,Turkey,2026-27,2026-08-29,19:30,Galatasaray,Goztep,3.0,2.0,H,1.0,1.0,5.0,False,34,9,11,4,6,2,2,2,0,0,5,12,1.23,5.99,9.65,1.38,2.88,1.33,4.75,8.0,1.65,2.2
T1,Super Lig,Turkey,2026-27,2026-08-29,19:30,Gaziantep,Rizespor,1.0,2.0,A,0.0,2.0,3.0,False,16,10,4,4,8,0,1,2,0,0,10,17,3.06,3.33,2.18,1.89,1.83,2.45,3.5,2.57,1.8,2.0
T1,Super Lig,Turkey,2026-27,2026-08-30,17:00,Eyupspor,Alanyaspor,2.0,1.0,H,1.0,1.0,3.0,False,11,7,4,2,1,2,3,1,1,0,16,22,3.57,3.06,2.1,2.29,1.56,3.2,3.3,2.2,2.08,1.73
T1,Super Lig,Turkey,2026-27,2026-08-30,19:30,Buyuksehyr,Kasimpasa,1.0,1.0,D,1.0,0.0,2.0,False,12,12,2,3,5,3,3,1,0,0,11,13,1.6,3.78,5.06,1.75,1.98,1.61,3.8,5.25,1.75,2.05
T1,Super Lig,Turkey,2026-27,2026-08-30,19:30,Samsunspor,Fenerbahce,0.0,2.0,A,0.0,1.0,2.0,False,6,15,0,7,1,6,0,1,0,0,13,18,5.26,4.04,1.55,1.64,2.15,5.0,4.2,1.56,1.62,2.25
T1,Super Lig,Turkey,2026-27,2026-08-31,19:30,Amedspor,Trabzonspor,2.0,1.0,H,1.0,1.0,3.0,False,17,8,7,5,2,5,5,3,0,0,18,10,3.14,3.6,2.06,1.65,2.14,3.6,3.8,1.86,1.7,2.1
T1,Super Lig,Turkey,2026-27,2026-08-31,19:30,Besiktas,Corum,6.0,2.0,H,2.0,0.0,8.0,False,18,11,7,3,8,6,2,3,0,0,9,11,1.4,4.74,6.81,1.59,2.25,1.37,5.0,7.0,1.83,1.98
G1,Super League,Greece,2026-27,2026-08-22,18:00,AEK,Iraklis,4.0,0.0,H,2.0,0.0,4.0,False,24,7,11,1,5,2,1,0,0,0,19,17,1.18,6.0,13.25,1.58,2.25,1.17,6.5,13.0,1.53,2.4
G1,Super League,Greece,2026-27,2026-08-22,18:00,Kalamata,Aris,2.0,3.0,A,1.0,1.0,5.0,False,7,19,3,7,1,10,3,3,1,0,15,23,3.33,3.0,2.16,2.26,1.57,3.4,3.0,2.25,2.3,1.6
G1,Super League,Greece,2026-27,2026-08-22,19:30,Olympiakos,Atromitos,1.0,0.0,H,0.0,0.0,1.0,False,26,8,10,1,14,4,3,6,1,0,14,14,1.2,5.73,13.08,1.69,2.06,1.22,5.5,12.0,1.7,2.1
G1,Super League,Greece,2026-27,2026-08-23,17:30,OFI Crete,Volos NFC,2.0,0.0,H,2.0,0.0,2.0,False,9,10,2,1,5,2,1,3,0,0,16,17,2.5,3.04,2.74,2.06,1.69,2.05,3.2,3.6,1.85,1.95
G1,Super League,Greece,2026-27,2026-08-23,19:00,PAOK,Levadeiakos,4.0,0.0,H,2.0,0.0,4.0,False,13,8,5,1,3,1,0,0,0,0,21,13,1.34,4.58,8.04,1.73,2.01,1.33,4.5,9.0,1.67,2.15
G1,Super League,Greece,2026-27,2026-08-23,19:30,Panetolikos,Asteras Tripolis,3.0,1.0,H,1.0,0.0,4.0,False,4,14,4,6,1,3,0,0,0,0,19,14,2.84,2.96,2.5,2.4,1.52,2.7,3.0,2.7,2.35,1.57
G1,Super League,Greece,2026-27,2026-08-29,17:30,Volos NFC,Iraklis,1.0,1.0,D,0.0,1.0,2.0,False,17,10,3,1,2,2,4,3,0,1,18,23,2.16,3.09,3.24,2.19,1.62,1.86,3.5,4.1,2.1,1.7
G1,Super League,Greece,2026-27,2026-08-29,19:30,Panetolikos,Kalamata,2.0,0.0,H,1.0,0.0,2.0,False,20,11,4,3,4,3,3,5,0,0,22,15,2.22,3.05,3.18,2.27,1.57,2.2,3.1,3.4,2.4,1.53
G1,Super League,Greece,2026-27,2026-08-30,17:30,Aris,OFI Crete,2.0,1.0,H,1.0,0.0,3.0,False,17,10,10,3,3,1,5,2,0,0,16,23,1.74,3.52,4.28,1.83,1.89,1.61,3.7,5.25,1.85,1.95
G1,Super League,Greece,2026-27,2026-08-30,18:15,Atromitos,PAOK,1.0,2.0,A,1.0,1.0,3.0,False,16,14,3,4,2,6,1,1,0,0,19,18,5.23,3.93,1.55,1.74,2.0,5.0,3.75,1.62,1.83,1.98
G1,Super League,Greece,2026-27,2026-08-30,19:00,Asteras Tripolis,Olympiakos,0.0,1.0,A,0.0,1.0,1.0,False,10,15,3,7,3,6,3,4,0,0,8,18,6.6,3.81,1.48,2.01,1.73,11.0,4.5,1.3,1.9,1.9
G1,Super League,Greece,2026-27,2026-08-30,19:00,Kifisia,AEK,1.0,1.0,D,0.0,0.0,2.0,False,14,9,3,5,1,2,5,2,1,0,20,14,9.71,4.95,1.28,1.7,2.04,9.0,4.5,1.33,1.7,2.1
G1,Super League,Greece,2026-27,2026-08-31,17:30,Levadeiakos,Panathinaikos,0.0,2.0,A,0.0,1.0,2.0,False,8,15,2,6,5,5,2,4,1,0,18,19,5.95,3.86,1.51,1.88,1.83,6.25,3.6,1.56,1.85,1.95
SC0,Premiership,Scotland,2026-27,2026-07-31,20:00,Dundee United,Rangers,1.0,1.0,D,1.0,0.0,2.0,False,11,21,3,6,5,10,1,3,0,0,16,14,4.69,4.06,1.63,1.56,2.31,5.75,4.33,1.46,1.53,2.5
SC0,Premiership,Scotland,2026-27,2026-08-01,15:00,Falkirk,St Mirren,0.0,2.0,A,0.0,1.0,2.0,False,10,15,1,5,7,7,0,4,0,0,18,18,2.09,3.47,3.28,1.76,1.96,1.96,3.6,3.5,1.83,2.03
SC0,Premiership,Scotland,2026-27,2026-08-01,17:30,Aberdeen,Hearts,2.0,1.0,H,0.0,1.0,3.0,False,11,21,3,4,4,6,3,2,0,1,11,17,2.88,3.46,2.3,1.74,1.99,3.2,3.4,2.15,1.73,2.1
SC0,Premiership,Scotland,2026-27,2026-08-02,14:00,St Johnstone,Kilmarnock,4.0,3.0,H,1.0,1.0,7.0,False,15,7,5,5,6,3,2,2,0,0,6,13,1.96,3.54,3.59,1.81,1.91,2.15,3.4,3.2,1.83,2.03
SC0,Premiership,Scotland,2026-27,2026-08-02,16:30,Hibernian,Motherwell,1.0,2.0,A,0.0,1.0,3.0,False,19,9,6,5,9,2,1,3,0,0,14,13,1.85,3.56,3.99,1.84,1.87,2.2,3.4,3.1,1.85,2.0
SC0,Premiership,Scotland,2026-27,2026-08-03,19:30,Celtic,Dundee,1.0,0.0,H,0.0,0.0,1.0,False,18,11,4,3,9,4,1,1,0,0,9,7,1.14,8.33,14.66,1.29,3.34,1.17,7.5,10.0,1.36,3.2
SC0,Premiership,Scotland,2026-27,2026-08-08,15:00,Dundee,Aberdeen,2.0,0.0,H,1.0,0.0,2.0,False,18,9,7,3,5,4,1,3,0,0,9,12,2.8,3.39,2.38,1.81,1.91,2.65,3.5,2.45,1.88,1.98
SC0,Premiership,Scotland,2026-27,2026-08-08,15:00,St Mirren,St Johnstone,1.0,0.0,H,0.0,0.0,1.0,False,13,9,4,2,5,2,2,1,0,0,11,8,2.54,3.32,2.63,1.82,1.9,2.25,3.3,3.1,1.9,1.95
SC0,Premiership,Scotland,2026-27,2026-08-09,13:30,Kilmarnock,Celtic,1.0,5.0,A,0.0,3.0,6.0,False,10,33,6,16,5,7,1,0,0,0,12,10,7.19,5.25,1.35,1.41,2.71,7.0,5.0,1.37,1.44,2.75
SC0,Premiership,Scotland,2026-27,2026-08-09,15:00,Hearts,Dundee United,4.0,0.0,H,2.0,0.0,4.0,False,12,10,7,0,7,2,1,2,0,0,11,11,1.73,3.89,4.15,1.63,2.17,1.57,4.33,4.75,1.73,2.1
SC0,Premiership,Scotland,2026-27,2026-08-09,15:00,Motherwell,Falkirk,0.0,0.0,D,0.0,0.0,0.0,True,11,10,1,1,2,2,2,2,0,0,17,16,1.81,3.64,4.05,1.7,2.04,1.79,3.75,4.1,1.73,2.1
SC0,Premiership,Scotland,2026-27,2026-08-09,16:00,Rangers,Hibernian,1.0,2.0,A,0.0,1.0,3.0,False,25,8,9,2,7,4,1,1,0,0,12,12,1.38,4.81,7.12,1.52,2.37,1.49,4.33,5.5,1.57,2.38
SC0,Premiership,Scotland,2026-27,2026-08-22,17:45,Dundee United,Dundee,0.0,2.0,A,0.0,1.0,2.0,False,24,14,5,4,6,6,4,3,0,0,11,11,1.99,3.53,3.52,1.73,2.01,2.15,3.4,3.2,1.8,2.0
SC0,Premiership,Scotland,2026-27,2026-08-29,15:00,Celtic,Falkirk,2.0,1.0,H,2.0,0.0,3.0,False,19,5,8,1,6,3,1,4,0,0,7,14,1.24,6.08,9.97,1.4,2.76,1.19,6.5,11.0,1.36,3.2
SC0,Premiership,Scotland,2026-27,2026-08-29,15:00,Hearts,St Johnstone,2.0,1.0,H,2.0,0.0,3.0,False,16,9,7,4,8,4,0,0,0,0,11,14,1.72,3.84,4.34,1.69,2.06,1.68,3.75,4.5,1.73,2.1
SC0,Premiership,Scotland,2026-27,2026-08-29,15:00,Kilmarnock,Dundee United,0.0,4.0,A,0.0,3.0,4.0,False,16,21,4,8,3,5,3,3,0,0,11,12,2.44,3.57,2.6,1.64,2.16,2.35,3.4,2.7,1.8,2.0
SC0,Premiership,Scotland,2026-27,2026-08-30,12:00,Aberdeen,Rangers,0.0,1.0,A,0.0,0.0,1.0,False,10,18,2,5,6,6,6,3,0,0,21,15,3.97,3.77,1.79,1.61,2.21,4.33,3.8,1.76,1.67,2.2
SC0,Premiership,Scotland,2026-27,2026-08-30,15:00,Dundee,Hibernian,1.0,2.0,A,0.0,1.0,3.0,False,11,25,3,7,3,5,1,1,0,0,8,14,3.25,3.41,2.11,1.77,1.95,3.2,3.4,2.2,1.91,1.91
SC0,Premiership,Scotland,2026-27,2026-08-30,15:00,St Mirren,Motherwell,3.0,3.0,D,3.0,2.0,6.0,False,23,22,9,7,7,7,2,2,0,0,14,12,2.49,3.35,2.69,1.85,1.86,2.45,3.3,2.7,2.0,1.85
ARG,Liga Profesional,Argentina,2026,2026-01-22,20:00,Aldosivi,Defensa y Justicia,0.0,0.0,D,,,0.0,True,,,,,,,,,,,,,2.63,2.73,3.05,,,,,,,
ARG,Liga Profesional,Argentina,2026,2026-01-22,23:00,Banfield,Huracan,1.0,1.0,D,,,2.0,False,,,,,,,,,,,,,2.43,2.71,3.42,,,,,,,
ARG,Liga Profesional,Argentina,2026,2026-01-22,23:00,Union de Santa Fe,Platense,0.0,0.0,D,,,0.0,True,,,,,,,,,,,,,1.97,2.81,4.75,,,,,,,
ARG,Liga Profesional,Argentina,2026,2026-01-23,01:15,Central Cordoba,Gimnasia Mendoza,0.0,1.0,A,,,1.0,False,,,,,,,,,,,,,2.34,2.78,3.44,,,,,,,
ARG,Liga Profesional,Argentina,2026,2026-01-23,01:15,Instituto,Velez Sarsfield,0.0,1.0,A,,,1.0,False,,,,,,,,,,,,,2.72,2.73,2.91,,,,,,,
ARG,Liga Profesional,Argentina,2026,2026-01-23,22:00,San Lorenzo,Lanus,2.0,3.0,A,,,5.0,False,,,,,,,,,,,,,2.71,2.59,3.11,,,,,,,
ARG,Liga Profesional,Argentina,2026,2026-01-23,23:00,Independiente,Estudiantes L.P.,1.0,1.0,D,,,2.0,False,,,,,,,,,,,,,2.44,2.75,3.3,,,,,,,
ARG,Liga Profesional,Argentina,2026,2026-01-24,01:15,Ind. Rivadavia,Atl. Tucuman,2.0,1.0,H,,,3.0,False,,,,,,,,,,,,,1.74,3.25,5.16,,,,,,,
ARG,Liga Profesional,Argentina,2026,2026-01-24,01:15,Talleres Cordoba,Newells Old Boys,2.0,1.0,H,,,3.0,False,,,,,,,,,,,,,1.82,3.17,4.78,,,,,,,
ARG,Liga Profesional,Argentina,2026,2026-01-24,20:00,Barracas Central,River Plate,0.0,1.0,A,,,1.0,False,,,,,,,,,,,,,5.08,3.27,1.75,,,,,,,
ARG,Liga Profesional,Argentina,2026,2026-01-24,22:30,Gimnasia L.P.,Racing Club,2.0,1.0,H,,,3.0,False,,,,,,,,,,,,,3.62,3.02,2.14,,,,,,,
ARG,Liga Profesional,Argentina,2026,2026-01-25,01:00,Rosario Central,Belgrano,1.0,2.0,A,,,3.0,False,,,,,,,,,,,,,1.89,3.1,4.54,,,,,,,
ARG,Liga Profesional,Argentina,2026,2026-01-25,21:30,Boca Juniors,Dep. Riestra,1.0,0.0,H,,,1.0,False,,,,,,,,,,,,,1.6,3.35,6.65,,,,,,,
ARG,Liga Profesional,Argentina,2026,2026-01-26,00:00,Argentinos Jrs,Sarmiento Junin,1.0,0.0,H,,,1.0,False,,,,,,,,,,,,,1.38,4.1,9.31,,,,,,,
ARG,Liga Profesional,Argentina,2026,2026-01-26,00:00,Tigre,Estudiantes Rio Cuarto,2.0,0.0,H,,,2.0,False,,,,,,,,,,,,,1.94,2.95,4.58,,,,,,,
ARG,Liga Profesional,Argentina,2026,2026-01-26,20:00,Platense,Instituto,2.0,1.0,H,,,3.0,False,,,,,,,,,,,,,2.43,2.61,3.57,,,,,,,
ARG,Liga Profesional,Argentina,2026,2026-01-27,20:45,Velez Sarsfield,Talleres Cordoba,2.0,1.0,H,,,3.0,False,,,,,,,,,,,,,2.26,2.77,3.69,,,,,,,
ARG,Liga Profesional,Argentina,2026,2026-01-27,23:00,Gimnasia Mendoza,San Lorenzo,0.0,1.0,A,,,1.0,False,,,,,,,,,,,,,3.63,2.67,2.35,,,,,,,
ARG,Liga Profesional,Argentina,2026,2026-01-27,23:00,Huracan,Ind. Rivadavia,1.0,2.0,A,,,3.0,False,,,,,,,,,,,,,2.06,2.76,4.4,,,,,,,
ARG,Liga Profesional,Argentina,2026,2026-01-28,01:15,Atl. Tucuman,Central Cordoba,0.0,0.0,D,,,0.0,True,,,,,,,,,,,,,2.1,3.07,3.67,,,,,,,
ARG,Liga Profesional,Argentina,2026,2026-01-28,01:15,Newells Old Boys,Independiente,1.0,1.0,D,,,2.0,False,,,,,,,,,,,,,3.45,2.81,2.33,,,,,,,
ARG,Liga Profesional,Argentina,2026,2026-01-28,20:00,Aldosivi,Barracas Central,0.0,0.0,D,,,0.0,True,,,,,,,,,,,,,2.18,2.69,4.1,,,,,,,
ARG,Liga Profesional,Argentina,2026,2026-01-28,22:00,Racing Club,Rosario Central,1.0,2.0,A,,,3.0,False,,,,,,,,,,,,,2.12,3.02,3.71,,,,,,,
ARG,Liga Profesional,Argentina,2026,2026-01-28,23:00,River Plate,Gimnasia L.P.,2.0,0.0,H,,,2.0,False,,,,,,,,,,,,,1.53,3.7,6.54,,,,,,,
ARG,Liga Profesional,Argentina,2026,2026-01-29,01:15,Estudiantes L.P.,Boca Juniors,2.0,1.0,H,,,3.0,False,,,,,,,,,,,,,2.96,2.71,2.73,,,,,,,
ARG,Liga Profesional,Argentina,2026,2026-01-29,20:00,Dep. Riestra,Defensa y Justicia,0.0,1.0,A,,,1.0,False,,,,,,,,,,,,,2.1,2.82,4.11,,,,,,,
ARG,Liga Profesional,Argentina,2026,2026-01-29,22:15,Belgrano,Tigre,1.0,1.0,D,,,2.0,False,,,,,,,,,,,,,1.93,2.96,4.61,,,,,,,
ARG,Liga Profesional,Argentina,2026,2026-01-29,22:15,Lanus,Union de Santa Fe,2.0,1.0,H,,,3.0,False,,,,,,,,,,,,,2.05,2.88,4.17,,,,,,,
ARG,Liga Profesional,Argentina,2026,2026-01-30,00:30,Estudiantes Rio Cuarto,Argentinos Jrs,0.0,0.0,D,,,0.0,True,,,,,,,,,,,,,5.5,3.12,1.74,,,,,,,
ARG,Liga Profesional,Argentina,2026,2026-01-30,00:30,Sarmiento Junin,Banfield,1.0,0.0,H,,,1.0,False,,,,,,,,,,,,,3.46,2.78,2.35,,,,,,,
ARG,Liga Profesional,Argentina,2026,2026-01-31,20:30,San Lorenzo,Central Cordoba,1.0,0.0,H,,,1.0,False,,,,,,,,,,,,,1.78,3.01,5.7,,,,,,,
ARG,Liga Profesional,Argentina,2026,2026-01-31,22:45,Independiente,Velez Sarsfield,1.0,1.0,D,,,2.0,False,,,,,,,,,,,,,2.13,2.95,3.79,,,,,,,
ARG,Liga Profesional,Argentina,2026,2026-02-01,01:00,Atl. Tucuman,Huracan,1.0,1.0,D,,,2.0,False,,,,,,,,,,,,,2.59,2.76,3.09,,,,,,,
ARG,Liga Profesional,Argentina,2026,2026-02-01,01:00,Talleres Cordoba,Platense,1.0,2.0,A,,,3.0,False,,,,,,,,,,,,,1.94,2.93,4.72,,,,,,,
ARG,Liga Profesional,Argentina,2026,2026-02-01,20:00,Barracas Central,Dep. Riestra,1.0,1.0,D,,,2.0,False,,,,,,,,,,,,,3.0,2.55,2.87,,,,,,,
ARG,Liga Profesional,Argentina,2026,2026-02-01,22:15,Boca Juniors,Newells Old Boys,2.0,0.0,H,,,2.0,False,,,,,,,,,,,,,1.45,3.9,8.23,,,,,,,
ARG,Liga Profesional,Argentina,2026,2026-02-02,00:30,Rosario Central,River Plate,0.0,0.0,D,,,0.0,True,,,,,,,,,,,,,2.69,2.9,2.82,,,,,,,
ARG,Liga Profesional,Argentina,2026,2026-02-02,20:30,Gimnasia L.P.,Aldosivi,3.0,1.0,H,,,4.0,False,,,,,,,,,,,,,2.03,2.85,4.36,,,,,,,
ARG,Liga Profesional,Argentina,2026,2026-02-02,22:45,Defensa y Justicia,Estudiantes L.P.,0.0,0.0,D,,,0.0,True,,,,,,,,,,,,,3.38,2.85,2.35,,,,,,,
ARG,Liga Profesional,Argentina,2026,2026-02-02,22:45,Tigre,Racing Club,3.0,1.0,H,,,4.0,False,,,,,,,,,,,,,3.68,2.86,2.22,,,,,,,
ARG,Liga Profesional,Argentina,2026,2026-02-03,01:00,Argentinos Jrs,Belgrano,0.0,0.0,D,,,0.0,True,,,,,,,,,,,,,1.66,3.4,5.73,,,,,,,
ARG,Liga Profesional,Argentina,2026,2026-02-03,01:00,Union de Santa Fe,Gimnasia Mendoza,4.0,0.0,H,,,4.0,False,,,,,,,,,,,,,1.74,3.22,5.37,,,,,,,
ARG,Liga Profesional,Argentina,2026,2026-02-03,22:00,Banfield,Estudiantes Rio Cuarto,2.0,1.0,H,,,3.0,False,,,,,,,,,,,,,1.88,2.99,4.73,,,,,,,
ARG,Liga Profesional,Argentina,2026,2026-02-04,00:15,Ind. Rivadavia,Sarmiento Junin,2.0,1.0,H,,,3.0,False,,,,,,,,,,,,,1.74,3.22,5.36,,,,,,,
ARG,Liga Profesional,Argentina,2026,2026-02-04,00:15,Instituto,Lanus,2.0,2.0,D,,,4.0,False,,,,,,,,,,,,,2.84,2.84,2.69,,,,,,,
ARG,Liga Profesional,Argentina,2026,2026-02-07,00:00,Central Cordoba,Union de Santa Fe,1.0,0.0,H,,,1.0,False,,,,,,,,,,,,,3.44,2.79,2.34,,,,,,,
ARG,Liga Profesional,Argentina,2026,2026-02-07,20:00,Aldosivi,Rosario Central,1.0,1.0,D,,,2.0,False,,,,,,,,,,,,,4.27,2.9,2.02,,,,,,,
ARG,Liga Profesional,Argentina,2026,2026-02-07,21:00,Racing Club,Argentinos Jrs,2.0,1.0,H,,,3.0,False,,,,,,,,,,,,,2.76,2.89,2.73,,,,,,,
ARG,Liga Profesional,Argentina,2026,2026-02-07,23:00,River Plate,Tigre,1.0,4.0,A,,,5.0,False,,,,,,,,,,,,,1.6,3.54,6.08,,,,,,,
ARG,Liga Profesional,Argentina,2026,2026-02-08,01:15,Belgrano,Banfield,1.0,0.0,H,,,1.0,False,,,,,,,,,,,,,1.81,3.26,4.69,,,,,,,
ARG,Liga Profesional,Argentina,2026,2026-02-08,01:15,Newells Old Boys,Defensa y Justicia,2.0,3.0,A,,,5.0,False,,,,,,,,,,,,,2.16,2.89,3.76,,,,,,,
ARG,Liga Profesional,Argentina,2026,2026-02-08,20:00,Platense,Independiente,0.0,1.0,A,,,1.0,False,,,,,,,,,,,,,2.76,2.71,2.93,,,,,,,
ARG,Liga Profesional,Argentina,2026,2026-02-08,20:00,Sarmiento Junin,Atl. Tucuman,2.0,1.0,H,,,3.0,False,,,,,,,,,,,,,2.71,2.82,2.85,,,,,,,
ARG,Liga Profesional,Argentina,2026,2026-02-08,22:15,Huracan,San Lorenzo,1.0,0.0,H,,,1.0,False,,,,,,,,,,,,,2.49,2.58,3.5,,,,,,,
ARG,Liga Profesional,Argentina,2026,2026-02-09,01:15,Gimnasia Mendoza,Instituto,1.0,0.0,H,,,1.0,False,,,,,,,,,,,,,3.07,2.74,2.59,,,,,,,
ARG,Liga Profesional,Argentina,2026,2026-02-09,01:15,Velez Sarsfield,Boca Juniors,2.0,1.0,H,,,3.0,False,,,,,,,,,,,,,3.21,2.77,2.49,,,,,,,
ARG,Liga Profesional,Argentina,2026,2026-02-09,20:00,Barracas Central,Gimnasia L.P.,2.0,0.0,H,,,2.0,False,,,,,,,,,,,,,2.72,2.8,2.85,,,,,,,
ARG,Liga Profesional,Argentina,2026,2026-02-09,22:15,Estudiantes L.P.,Dep. Riestra,1.0,0.0,H,,,1.0,False,,,,,,,,,,,,,1.88,2.88,5.11,,,,,,,
ARG,Liga Profesional,Argentina,2026,2026-02-09,22:15,Lanus,Talleres Cordoba,1.0,1.0,D,,,2.0,False,,,,,,,,,,,,,1.99,3.01,4.17,,,,,,,
ARG,Liga Profesional,Argentina,2026,2026-02-10,00:30,Estudiantes Rio Cuarto,Ind. Rivadavia,0.0,1.0,A,,,1.0,False,,,,,,,,,,,,,3.73,2.76,2.24,,,,,,,
ARG,Liga Profesional,Argentina,2026,2026-02-12,22:00,Tigre,Aldosivi,1.0,0.0,H,,,1.0,False,,,,,,,,,,,,,1.72,3.13,5.79,,,,,,,
ARG,Liga Profesional,Argentina,2026,2026-02-13,00:15,Argentinos Jrs,River Plate,1.0,0.0,H,,,1.0,False,,,,,,,,,,,,,2.24,2.94,3.45,,,,,,,
ARG,Liga Profesional,Argentina,2026,2026-02-13,23:00,Independiente,Lanus,2.0,0.0,H,,,2.0,False,,,,,,,,,,,,,2.08,2.9,3.98,,,,,,,
ARG,Liga Profesional,Argentina,2026,2026-02-14,01:15,Defensa y Justicia,Velez Sarsfield,1.0,1.0,D,,,2.0,False,,,,,,,,,,,,,3.47,2.86,2.29,,,,,,,
ARG,Liga Profesional,Argentina,2026,2026-02-14,01:15,Union de Santa Fe,San Lorenzo,0.0,0.0,D,,,0.0,True,,,,,,,,,,,,,2.14,2.64,4.41,,,,,,,
ARG,Liga Profesional,Argentina,2026,2026-02-14,20:30,Banfield,Racing Club,0.0,2.0,A,,,2.0,False,,,,,,,,,,,,,4.2,3.2,1.9,,,,,,,
ARG,Liga Profesional,Argentina,2026,2026-02-14,22:45,Huracan,Sarmiento Junin,1.0,0.0,H,,,1.0,False,,,,,,,,,,,,,1.77,3.08,5.41,,,,,,,
ARG,Liga Profesional,Argentina,2026,2026-02-14,22:45,Talleres Cordoba,Gimnasia Mendoza,2.0,1.0,H,,,3.0,False,,,,,,,,,,,,,1.71,3.23,5.79,,,,,,,
ARG,Liga Profesional,Argentina,2026,2026-02-15,01:00,Atl. Tucuman,Estudiantes Rio Cuarto,4.0,0.0,H,,,4.0,False,,,,,,,,,,,,,1.87,3.13,4.59,,,,,,,
ARG,Liga Profesional,Argentina,2026,2026-02-15,01:00,Ind. Rivadavia,Belgrano,0.0,1.0,A,,,1.0,False,,,,,,,,,,,,,2.33,2.83,3.41,,,,,,,
ARG,Liga Profesional,Argentina,2026,2026-02-15,20:00,Gimnasia L.P.,Estudiantes L.P.,0.0,0.0,D,,,0.0,True,,,,,,,,,,,,,3.1,2.75,2.58,,,,,,,
ARG,Liga Profesional,Argentina,2026,2026-02-15,22:30,Boca Juniors,Platense,0.0,0.0,D,,,0.0,True,,,,,,,,,,,,,1.61,3.36,6.38,,,,,,,
ARG,Liga Profesional,Argentina,2026,2026-02-16,01:00,Instituto,Central Cordoba,2.0,0.0,H,,,2.0,False,,,,,,,,,,,,,1.87,3.06,4.69,,,,,,,
ARG,Liga Profesional,Argentina,2026,2026-02-16,01:00,Rosario Central,Barracas Central,2.0,0.0,H,,,2.0,False,,,,,,,,,,,,,1.53,3.52,7.32,,,,,,,
ARG,Liga Profesional,Argentina,2026,2026-02-16,22:00,Dep. Riestra,Newells Old Boys,1.0,1.0,D,,,2.0,False,,,,,,,,,,,,,2.28,2.69,3.75,,,,,,,
ARG,Liga Profesional,Argentina,2026,2026-02-20,20:15,Defensa y Justicia,Belgrano,1.0,1.0,D,,,2.0,False,,,,,,,,,,,,,2.99,2.86,2.56,,,,,,,
ARG,Liga Profesional,Argentina,2026,2026-02-20,20:45,Estudiantes L.P.,Sarmiento Junin,1.0,0.0,H,,,1.0,False,,,,,,,,,,,,,1.59,3.29,6.96,,,,,,,
ARG,Liga Profesional,Argentina,2026,2026-02-20,23:00,Boca Juniors,Racing Club,0.0,0.0,D,,,0.0,True,,,,,,,,,,,,,2.23,2.92,3.51,,,,,,,
ARG,Liga Profesional,Argentina,2026,2026-02-20,23:00,Instituto,Atl. Tucuman,2.0,1.0,H,,,3.0,False,,,,,,,,,,,,,1.98,3.11,4.02,,,,,,,
ARG,Liga Profesional,Argentina,2026,2026-02-21,01:15,Gimnasia Mendoza,Gimnasia L.P.,0.0,1.0,A,,,1.0,False,,,,,,,,,,,,,2.59,2.8,3.0,,,,,,,
ARG,Liga Profesional,Argentina,2026,2026-02-21,01:15,Rosario Central,Talleres Cordoba,0.0,1.0,A,,,1.0,False,,,,,,,,,,,,,1.82,3.2,4.72,,,,,,,
ARG,Liga Profesional,Argentina,2026,2026-02-21,20:00,Ind. Rivadavia,Independiente,3.0,2.0,H,,,5.0,False,,,,,,,,,,,,,2.58,2.8,3.03,,,,,,,
ARG,Liga Profesional,Argentina,2026,2026-02-21,20:00,Platense,Barracas Central,1.0,0.0,H,,,1.0,False,,,,,,,,,,,,,1.84,2.97,5.1,,,,,,,
ARG,Liga Profesional,Argentina,2026,2026-02-21,22:15,Banfield,Newells Old Boys,3.0,0.0,H,,,3.0,False,,,,,,,,,,,,,2.33,2.88,3.34,,,,,,,
ARG,Liga Profesional,Argentina,2026,2026-02-21,22:15,Dep. Riestra,Huracan,0.0,0.0,D,,,0.0,True,,,,,,,,,,,,,2.71,2.51,3.22,,,,,,,
ARG,Liga Profesional,Argentina,2026,2026-02-22,00:30,Central Cordoba,Tigre,0.0,0.0,D,,,0.0,True,,,,,,,,,,,,,3.38,2.69,2.45,,,,,,,
ARG,Liga Profesional,Argentina,2026,2026-02-22,20:00,San Lorenzo,Estudiantes Rio Cuarto,2.0,0.0,H,,,2.0,False,,,,,,,,,,,,,1.62,3.25,6.75,,,,,,,
ARG,Liga Profesional,Argentina,2026,2026-02-22,22:15,Velez Sarsfield,River Plate,1.0,0.0,H,,,1.0,False,,,,,,,,,,,,,2.83,2.89,2.65,,,,,,,
ARG,Liga Profesional,Argentina,2026,2026-02-23,00:30,Union de Santa Fe,Aldosivi,1.0,0.0,H,,,1.0,False,,,,,,,,,,,,,1.57,3.56,6.39,,,,,,,
ARG,Liga Profesional,Argentina,2026,2026-02-24,20:00,Platense,Defensa y Justicia,0.0,0.0,D,,,0.0,True,,,,,,,,,,,,,2.02,2.86,4.28,,,,,,,
ARG,Liga Profesional,Argentina,2026,2026-02-24,22:15,San Lorenzo,Instituto,1.0,1.0,D,,,2.0,False,,,,,,,,,,,,,2.47,2.72,3.28,,,,,,,
ARG,Liga Profesional,Argentina,2026,2026-02-24,22:45,Central Cordoba,Talleres Cordoba,2.0,0.0,H,,,2.0,False,,,,,,,,,,,,,3.53,2.73,2.32,,,,,,,
ARG,Liga Profesional,Argentina,2026,2026-02-25,00:30,Belgrano,Atl. Tucuman,3.0,1.0,H,,,4.0,False,,,,,,,,,,,,,1.74,3.33,4.93,,,,,,,
ARG,Liga Profesional,Argentina,2026,2026-02-25,01:00,Gimnasia Mendoza,Independiente,1.0,1.0,D,,,2.0,False,,,,,,,,,,,,,3.74,2.81,2.2,,,,,,,
ARG,Liga Profesional,Argentina,2026,2026-02-25,20:00,Barracas Central,Tigre,2.0,1.0,H,,,3.0,False,,,,,,,,,,,,,3.16,2.71,2.55,,,,,,,
ARG,Liga Profesional,Argentina,2026,2026-02-25,20:00,Gimnasia L.P.,Rosario Central,1.0,2.0,A,,,3.0,False,,,,,,,,,,,,,3.3,2.67,2.49,,,,,,,
ARG,Liga Profesional,Argentina,2026,2026-02-25,22:30,Newells Old Boys,Estudiantes L.P.,0.0,2.0,A,,,2.0,False,,,,,,,,,,,,,3.6,2.77,2.27,,,,,,,
ARG,Liga Profesional,Argentina,2026,2026-02-25,22:30,Velez Sarsfield,Dep. Riestra,0.0,0.0,D,,,0.0,True,,,,,,,,,,,,,1.92,2.8,5.06,,,,,,,
ARG,Liga Profesional,Argentina,2026,2026-02-26,20:15,Racing Club,Ind. Rivadavia,1.0,1.0,D,,,2.0,False,,,,,,,,,,,,,1.81,3.27,4.53,,,,,,,
ARG,Liga Profesional,Argentina,2026,2026-02-26,20:15,Sarmiento Junin,Union de Santa Fe,1.0,3.0,A,,,4.0,False,,,,,,,,,,,,,3.31,2.81,2.36,,,,,,,
ARG,Liga Profesional,Argentina,2026,2026-02-26,22:30,Estudiantes Rio Cuarto,Huracan,2.0,0.0,H,,,2.0,False,,,,,,,,,,,,,3.94,2.61,2.28,,,,,,,
ARG,Liga Profesional,Argentina,2026,2026-02-26,22:30,River Plate,Banfield,3.0,1.0,H,,,4.0,False,,,,,,,,,,,,,1.6,3.6,5.79,,,,,,,
ARG,Liga Profesional,Argentina,2026,2026-02-28,20:45,Boca Juniors,Gimnasia Mendoza,1.0,1.0,D,,,2.0,False,,,,,,,,,,,,,1.47,3.66,8.02,,,,,,,
ARG,Liga Profesional,Argentina,2026,2026-02-28,23:00,Independiente,Central Cordoba,2.0,0.0,H,,,2.0,False,,,,,,,,,,,,,1.6,3.29,6.72,,,,,,,
ARG,Liga Profesional,Argentina,2026,2026-03-01,01:15,Talleres Cordoba,San Lorenzo,0.0,0.0,D,,,0.0,True,,,,,,,,,,,,,2.13,2.75,4.07,,,,,,,
ARG,Liga Profesional,Argentina,2026,2026-03-01,20:00,Newells Old Boys,Rosario Central,0.0,2.0,A,,,2.0,False,,,,,,,,,,,,,4.7,3.18,1.82,,,,,,,
ARG,Liga Profesional,Argentina,2026,2026-03-01,22:15,Argentinos Jrs,Barracas Central,1.0,1.0,D,,,2.0,False,,,,,,,,,,,,,1.37,4.09,9.5,,,,,,,
ARG,Liga Profesional,Argentina,2026,2026-03-01,22:15,Instituto,Union de Santa Fe,1.0,2.0,A,,,3.0,False,,,,,,,,,,,,,2.53,2.83,3.03,,,,,,,
ARG,Liga Profesional,Argentina,2026,2026-03-02,00:30,Defensa y Justicia,Lanus,1.0,1.0,D,,,2.0,False,,,,,,,,,,,,,2.15,2.99,3.58,,,,,,,
ARG,Liga Profesional,Argentina,2026,2026-03-02,00:30,Tigre,Gimnasia L.P.,2.0,2.0,D,,,4.0,False,,,,,,,,,,,,,1.99,2.98,4.19,,,,,,,
ARG,Liga Profesional,Argentina,2026,2026-03-02,22:15,Dep. Riestra,Platense,0.0,0.0,D,,,0.0,True,,,,,,,,,,,,,2.6,2.51,3.39,,,,,,,
ARG,Liga Profesional,Argentina,2026,2026-03-02,22:15,Estudiantes L.P.,Velez Sarsfield,0.0,1.0,A,,,1.0,False,,,,,,,,,,,,,2.19,2.79,3.85,,,,,,,
ARG,Liga Profesional,Argentina,2026,2026-03-03,00:30,Banfield,Aldosivi,2.0,0.0,H,,,2.0,False,,,,,,,,,,,,,2.05,3.0,3.93,,,,,,,
ARG,Liga Profesional,Argentina,2026,2026-03-03,00:30,Ind. Rivadavia,River Plate,1.0,1.0,D,,,2.0,False,,,,,,,,,,,,,2.99,3.04,2.42,,,,,,,
ARG,Liga Profesional,Argentina,2026,2026-03-03,22:00,Sarmiento Junin,Estudiantes Rio Cuarto,1.0,0.0,H,,,1.0,False,,,,,,,,,,,,,1.87,3.03,4.65,,,,,,,
ARG,Liga Profesional,Argentina,2026,2026-03-03,22:15,Huracan,Belgrano,3.0,1.0,H,,,4.0,False,,,,,,,,,,,,,2.9,2.64,2.81,,,,,,,
ARG,Liga Profesional,Argentina,2026,2026-03-04,00:15,Atl. Tucuman,Racing Club,0.0,3.0,A,,,3.0,False,,,,,,,,,,,,,3.06,2.86,2.5,,,,,,,
ARG,Liga Profesional,Argentina,2026,2026-03-05,00:00,Lanus,Boca Juniors,0.0,3.0,A,,,3.0,False,,,,,,,,,,,,,2.91,2.85,2.63,,,,,,,
ARG,Liga Profesional,Argentina,2026,2026-03-10,22:45,Independiente,Union de Santa Fe,4.0,4.0,D,,,8.0,False,,,,,,,,,,,,,2.01,3.17,3.79,,,,,,,
ARG,Liga Profesional,Argentina,2026,2026-03-10,22:45,Tigre,Velez Sarsfield,1.0,1.0,D,,,2.0,False,,,,,,,,,,,,,2.26,2.78,3.57,,,,,,,
ARG,Liga Profesional,Argentina,2026,2026-03-11,01:00,Newells Old Boys,Platense,1.0,1.0,D,,,2.0,False,,,,,,,,,,,,,3.18,2.8,2.46,,,,,,,
ARG,Liga Profesional,Argentina,2026,2026-03-11,01:00,Sarmiento Junin,Racing Club,0.0,0.0,D,,,0.0,True,,,,,,,,,,,,,3.49,2.98,2.19,,,,,,,
ARG,Liga Profesional,Argentina,2026,2026-03-11,20:30,Argentinos Jrs,Rosario Central,0.0,0.0,D,,,0.0,True,,,,,,,,,,,,,1.98,2.96,4.24,,,,,,,
ARG,Liga Profesional,Argentina,2026,2026-03-11,20:30,Banfield,Gimnasia L.P.,1.0,2.0,A,,,3.0,False,,,,,,,,,,,,,2.26,2.96,3.36,,,,,,,
ARG,Liga Profesional,Argentina,2026,2026-03-11,22:45,Boca Juniors,San Lorenzo,1.0,1.0,D,,,2.0,False,,,,,,,,,,,,,1.71,3.16,5.78,,,,,,,
ARG,Liga Profesional,Argentina,2026,2026-03-12,01:00,Atl. Tucuman,Aldosivi,1.0,1.0,D,,,2.0,False,,,,,,,,,,,,,2.07,2.98,3.89,,,,,,,
ARG,Liga Profesional,Argentina,2026,2026-03-12,01:00,Ind. Rivadavia,Barracas Central,1.0,2.0,A,,,3.0,False,,,,,,,,,,,,,1.45,3.88,7.78,,,,,,,
ARG,Liga Profesional,Argentina,2026,2026-03-12,20:00,Defensa y Justicia,Central Cordoba,1.0,1.0,D,,,2.0,False,,,,,,,,,,,,,1.89,3.1,4.4,,,,,,,
ARG,Liga Profesional,Argentina,2026,2026-03-12,20:00,Dep. Riestra,Gimnasia Mendoza,0.0,0.0,D,,,0.0,True,,,,,,,,,,,,,2.04,2.67,4.68,,,,,,,
ARG,Liga Profesional,Argentina,2026,2026-03-12,22:15,Estudiantes Rio Cuarto,Belgrano,0.0,1.0,A,,,1.0,False,,,,,,,,,,,,,3.31,2.77,2.41,,,,,,,
ARG,Liga Profesional,Argentina,2026,2026-03-12,22:15,Talleres Cordoba,Instituto,2.0,0.0,H,,,2.0,False,,,,,,,,,,,,,2.19,2.85,3.69,,,,,,,
ARG,Liga Profesional,Argentina,2026,2026-03-13,00:30,Huracan,River Plate,1.0,2.0,A,,,3.0,False,,,,,,,,,,,,,3.22,2.8,2.39,,,,,,,
ARG,Liga Profesional,Argentina,2026,2026-03-14,22:00,Platense,Velez Sarsfield,0.0,2.0,A,,,2.0,False,,,,,,,,,,,,,2.81,2.7,2.81,,,,,,,
ARG,Liga Profesional,Argentina,2026,2026-03-15,00:00,Rosario Central,Banfield,2.0,1.0,H,,,3.0,False,,,,,,,,,,,,,1.59,3.55,5.94,,,,,,,
ARG,Liga Profesional,Argentina,2026,2026-03-15,18:15,Gimnasia L.P.,Ind. Rivadavia,2.0,3.0,A,,,5.0,False,,,,,,,,,,,,,2.83,2.98,2.54,,,,,,,
ARG,Liga Profesional,Argentina,2026,2026-03-15,20:30,Belgrano,Talleres Cordoba,0.0,0.0,D,,,0.0,True,,,,,,,,,,,,,2.34,2.8,3.38,,,,,,,
ARG,Liga Profesional,Argentina,2026,2026-03-15,22:45,River Plate,Sarmiento Junin,2.0,0.0,H,,,2.0,False,,,,,,,,,,,,,1.44,3.82,8.14,,,,,,,
ARG,Liga Profesional,Argentina,2026,2026-03-16,01:00,Tigre,Argentinos Jrs,1.0,1.0,D,,,2.0,False,,,,,,,,,,,,,2.75,2.7,2.9,,,,,,,
ARG,Liga Profesional,Argentina,2026,2026-03-16,01:00,Union de Santa Fe,Boca Juniors,1.0,1.0,D,,,2.0,False,,,,,,,,,,,,,2.84,2.68,2.81,,,,,,,
ARG,Liga Profesional,Argentina,2026,2026-03-16,18:30,Aldosivi,Huracan,0.0,0.0,D,,,0.0,True,,,,,,,,,,,,,3.16,2.65,2.59,,,,,,,
ARG,Liga Profesional,Argentina,2026,2026-03-16,18:30,Barracas Central,Atl. Tucuman,2.0,1.0,H,,,3.0,False,,,,,,,,,,,,,2.77,2.83,2.74,,,,,,,
ARG,Liga Profesional,Argentina,2026,2026-03-16,21:30,San Lorenzo,Defensa y Justicia,2.0,5.0,A,,,7.0,False,,,,,,,,,,,,,2.16,2.78,3.87,,,,,,,
ARG,Liga Profesional,Argentina,2026,2026-03-16,23:00,Racing Club,Estudiantes Rio Cuarto,2.0,0.0,H,,,2.0,False,,,,,,,,,,,,,1.39,4.06,8.75,,,,,,,
ARG,Liga Profesional,Argentina,2026,2026-03-17,01:15,Instituto,Independiente,2.0,1.0,H,,,3.0,False,,,,,,,,,,,,,2.68,2.91,2.75,,,,,,,
ARG,Liga Profesional,Argentina,2026,2026-03-17,22:00,Lanus,Newells Old Boys,5.0,0.0,H,,,5.0,False,,,,,,,,,,,,,1.64,3.42,5.64,,,,,,,
ARG,Liga Profesional,Argentina,2026,2026-03-18,00:15,Central Cordoba,Dep. Riestra,1.0,0.0,H,,,1.0,False,,,,,,,,,,,,,3.03,2.53,2.82,,,,,,,
ARG,Liga Profesional,Argentina,2026,2026-03-18,00:15,Gimnasia Mendoza,Estudiantes L.P.,1.0,2.0,A,,,3.0,False,,,,,,,,,,,,,3.92,2.82,2.12,,,,,,,
ARG,Liga Profesional,Argentina,2026,2026-03-21,00:00,Atl. Tucuman,Gimnasia L.P.,1.0,0.0,H,,,1.0,False,,,,,,,,,,,,,2.01,3.13,3.8,,,,,,,
ARG,Liga Profesional,Argentina,2026,2026-03-21,00:00,Banfield,Tigre,1.0,0.0,H,,,1.0,False,,,,,,,,,,,,,2.97,2.71,2.68,,,,,,,
ARG,Liga Profesional,Argentina,2026,2026-03-21,18:30,Velez Sarsfield,Lanus,0.0,1.0,A,,,1.0,False,,,,,,,,,,,,,2.21,2.93,3.5,,,,,,,
ARG,Liga Profesional,Argentina,2026,2026-03-21,20:45,Defensa y Justicia,Union de Santa Fe,2.0,0.0,H,,,2.0,False,,,,,,,,,,,,,2.85,2.92,2.58,,,,,,,
ARG,Liga Profesional,Argentina,2026,2026-03-21,20:45,Newells Old Boys,Gimnasia Mendoza,1.0,0.0,H,,,1.0,False,,,,,,,,,,,,,2.43,2.75,3.27,,,,,,,
ARG,Liga Profesional,Argentina,2026,2026-03-21,23:00,Independiente,Talleres Cordoba,1.0,2.0,A,,,3.0,False,,,,,,,,,,,,,1.91,3.1,4.25,,,,,,,
ARG,Liga Profesional,Argentina,2026,2026-03-22,01:15,Belgrano,Racing Club,1.0,2.0,A,,,3.0,False,,,,,,,,,,,,,2.81,2.95,2.6,,,,,,,
ARG,Liga Profesional,Argentina,2026,2026-03-22,18:30,Sarmiento Junin,Aldosivi,2.0,0.0,H,,,2.0,False,,,,,,,,,,,,,2.34,2.73,3.48,,,,,,,
ARG,Liga Profesional,Argentina,2026,2026-03-22,20:45,Estudiantes Rio Cuarto,River Plate,0.0,2.0,A,,,2.0,False,,,,,,,,,,,,,7.73,3.56,1.5,,,,,,,
ARG,Liga Profesional,Argentina,2026,2026-03-22,23:00,Boca Juniors,Instituto,2.0,0.0,H,,,2.0,False,,,,,,,,,,,,,1.6,3.42,6.13,,,,,,,
ARG,Liga Profesional,Argentina,2026,2026-03-23,01:15,Argentinos Jrs,Platense,1.0,0.0,H,,,1.0,False,,,,,,,,,,,,,1.76,3.08,5.37,,,,,,,
ARG,Liga Profesional,Argentina,2026,2026-03-23,01:15,Ind. Rivadavia,Rosario Central,2.0,0.0,H,,,2.0,False,,,,,,,,,,,,,2.64,2.85,2.86,,,,,,,
ARG,Liga Profesional,Argentina,2026,2026-03-23,22:00,Estudiantes L.P.,Central Cordoba,5.0,0.0,H,,,5.0,False,,,,,,,,,,,,,1.48,3.6,7.71,,,,,,,
ARG,Liga Profesional,Argentina,2026,2026-03-24,00:15,Huracan,Barracas Central,0.0,0.0,D,,,0.0,True,,,,,,,,,,,,,1.84,2.97,5.02,,,,,,,
ARG,Liga Profesional,Argentina,2026,2026-03-25,22:00,Dep. Riestra,San Lorenzo,1.0,1.0,D,,,2.0,False,,,,,,,,,,,,,2.41,2.65,3.51,,,,,,,
ARG,Liga Profesional,Argentina,2026,2026-03-27,00:00,Argentinos Jrs,Lanus,2.0,1.0,H,,,3.0,False,,,,,,,,,,,,,2.02,2.88,4.21,,,,,,,
ARG,Liga Profesional,Argentina,2026,2026-03-31,18:00,Aldosivi,Argentinos Jrs,0.0,2.0,A,,,2.0,False,,,,,,,,,,,,,4.8,3.1,1.82,,,,,,,
ARG,Liga Profesional,Argentina,2026,2026-04-02,00:00,Lanus,Platense,0.0,0.0,D,,,0.0,True,,,,,,,,,,,,,2.11,2.87,3.86,,,,,,,
ARG,Liga Profesional,Argentina,2026,2026-04-02,19:00,Barracas Central,Sarmiento Junin,1.0,2.0,A,,,3.0,False,,,,,,,,,,,,,2.36,2.74,3.42,,,,,,,
ARG,Liga Profesional,Argentina,2026,2026-04-02,21:30,Tigre,Ind. Rivadavia,0.0,2.0,A,,,2.0,False,,,,,,,,,,,,,2.15,2.99,3.58,,,,,,,
ARG,Liga Profesional,Argentina,2026,2026-04-03,00:30,Talleres Cordoba,Boca Juniors,0.0,1.0,A,,,1.0,False,,,,,,,,,,,,,2.43,2.86,3.11,,,,,,,
ARG,Liga Profesional,Argentina,2026,2026-04-03,19:00,Gimnasia Mendoza,Velez Sarsfield,3.0,2.0,H,,,5.0,False,,,,,,,,,,,,,3.91,2.87,2.1,,,,,,,
ARG,Liga Profesional,Argentina,2026,2026-04-03,21:15,Union de Santa Fe,Dep. Riestra,2.0,0.0,H,,,2.0,False,,,,,,,,,,,,,1.83,3.07,4.79,,,,,,,
ARG,Liga Profesional,Argentina,2026,2026-04-03,23:30,San Lorenzo,Estudiantes L.P.,1.0,0.0,H,,,1.0,False,,,,,,,,,,,,,3.32,2.73,2.41,,,,,,,
ARG,Liga Profesional,Argentina,2026,2026-04-04,17:30,Aldosivi,Estudiantes Rio Cuarto,0.0,0.0,D,,,0.0,True,,,,,,,,,,,,,2.19,2.72,3.92,,,,,,,
ARG,Liga Profesional,Argentina,2026,2026-04-04,21:30,Independiente,Racing Club,1.0,0.0,H,,,1.0,False,,,,,,,,,,,,,2.38,2.88,3.17,,,,,,,
ARG,Liga Profesional,Argentina,2026,2026-04-05,01:00,Rosario Central,Atl. Tucuman,2.0,1.0,H,,,3.0,False,,,,,,,,,,,,,1.67,3.39,5.32,,,,,,,
ARG,Liga Profesional,Argentina,2026,2026-04-05,19:30,Gimnasia L.P.,Huracan,0.0,3.0,A,,,3.0,False,,,,,,,,,,,,,2.79,2.73,2.82,,,,,,,
ARG,Liga Profesional,Argentina,2026,2026-04-05,22:00,River Plate,Belgrano,3.0,0.0,H,,,3.0,False,,,,,,,,,,,,,1.69,3.39,5.2,,,,,,,
ARG,Liga Profesional,Argentina,2026,2026-04-06,00:30,Central Cordoba,Newells Old Boys,1.0,3.0,A,,,4.0,False,,,,,,,,,,,,,2.34,2.82,3.35,,,,,,,
ARG,Liga Profesional,Argentina,2026,2026-04-06,23:00,Argentinos Jrs,Banfield,3.0,2.0,H,,,5.0,False,,,,,,,,,,,,,1.61,3.55,5.77,,,,,,,
ARG,Liga Profesional,Argentina,2026,2026-04-07,01:15,Instituto,Defensa y Justicia,2.0,0.0,H,,,2.0,False,,,,,,,,,,,,,1.95,3.1,4.08,,,,,,,
ARG,Liga Profesional,Argentina,2026,2026-04-11,01:00,Belgrano,Aldosivi,1.0,0.0,H,,,1.0,False,,,,,,,,,,,,,1.46,3.72,8.04,,,,,,,
ARG,Liga Profesional,Argentina,2026,2026-04-11,19:00,Dep. Riestra,Instituto,0.0,1.0,A,,,1.0,False,,,,,,,,,,,,,2.72,2.66,2.95,,,,,,,
ARG,Liga Profesional,Argentina,2026,2026-04-11,19:30,Ind. Rivadavia,Argentinos Jrs,3.0,1.0,H,,,4.0,False,,,,,,,,,,,,,2.88,2.82,2.64,,,,,,,
ARG,Liga Profesional,Argentina,2026,2026-04-11,21:15,Estudiantes L.P.,Union de Santa Fe,2.0,1.0,H,,,3.0,False,,,,,,,,,,,,,2.44,2.75,3.25,,,,,,,
ARG,Liga Profesional,Argentina,2026,2026-04-11,23:30,Boca Juniors,Independiente,1.0,1.0,D,,,2.0,False,,,,,,,,,,,,,2.35,2.85,3.28,,,,,,,
ARG,Liga Profesional,Argentina,2026,2026-04-12,01:45,Estudiantes Rio Cuarto,Barracas Central,1.0,2.0,A,,,3.0,False,,,,,,,,,,,,,2.28,2.71,3.65,,,,,,,
ARG,Liga Profesional,Argentina,2026,2026-04-12,19:00,Newells Old Boys,San Lorenzo,0.0,0.0,D,,,0.0,True,,,,,,,,,,,,,2.47,2.85,3.11,,,,,,,
ARG,Liga Profesional,Argentina,2026,2026-04-12,19:00,Platense,Gimnasia Mendoza,1.0,1.0,D,,,2.0,False,,,,,,,,,,,,,2.3,2.76,3.58,,,,,,,
ARG,Liga Profesional,Argentina,2026,2026-04-12,21:30,Atl. Tucuman,Tigre,0.0,0.0,D,,,0.0,True,,,,,,,,,,,,,2.37,2.89,3.24,,,,,,,
ARG,Liga Profesional,Argentina,2026,2026-04-12,21:30,Huracan,Rosario Central,3.0,1.0,H,,,4.0,False,,,,,,,,,,,,,2.33,2.78,3.42,,,,,,,
ARG,Liga Profesional,Argentina,2026,2026-04-13,00:00,Racing Club,River Plate,0.0,2.0,A,,,2.0,False,,,,,,,,,,,,,2.54,2.93,2.91,,,,,,,
ARG,Liga Profesional,Argentina,2026,2026-04-13,20:30,Defensa y Justicia,Talleres Cordoba,1.0,2.0,A,,,3.0,False,,,,,,,,,,,,,2.91,2.73,2.7,,,,,,,
ARG,Liga Profesional,Argentina,2026,2026-04-13,20:30,Sarmiento Junin,Gimnasia L.P.,1.0,2.0,A,,,3.0,False,,,,,,,,,,,,,2.63,2.76,2.95,,,,,,,
ARG,Liga Profesional,Argentina,2026,2026-04-13,23:00,Lanus,Banfield,1.0,0.0,H,,,1.0,False,,,,,,,,,,,,,1.86,3.08,4.63,,,,,,,
ARG,Liga Profesional,Argentina,2026,2026-04-14,01:30,Velez Sarsfield,Central Cordoba,1.0,0.0,H,,,1.0,False,,,,,,,,,,,,,1.35,4.29,9.73,,,,,,,
ARG,Liga Profesional,Argentina,2026,2026-04-18,00:30,Union de Santa Fe,Newells Old Boys,2.0,3.0,A,,,5.0,False,,,,,,,,,,,,,1.59,3.59,5.84,,,,,,,
ARG,Liga Profesional,Argentina,2026,2026-04-18,19:00,Gimnasia L.P.,Estudiantes Rio Cuarto,1.0,0.0,H,,,1.0,False,,,,,,,,,,,,,1.79,3.14,4.92,,,,,,,
ARG,Liga Profesional,Argentina,2026,2026-04-18,21:15,Instituto,Estudiantes L.P.,0.0,1.0,A,,,1.0,False,,,,,,,,,,,,,2.5,2.91,2.98,,,,,,,
ARG,Liga Profesional,Argentina,2026,2026-04-18,23:30,Independiente,Defensa y Justicia,3.0,1.0,H,,,4.0,False,,,,,,,,,,,,,1.75,3.23,5.06,,,,,,,
ARG,Liga Profesional,Argentina,2026,2026-04-19,01:45,Argentinos Jrs,Atl. Tucuman,1.0,0.0,H,,,1.0,False,,,,,,,,,,,,,1.59,3.59,5.78,,,,,,,
ARG,Liga Profesional,Argentina,2026,2026-04-19,17:30,Aldosivi,Racing Club,1.0,1.0,D,,,2.0,False,,,,,,,,,,,,,4.6,3.01,1.89,,,,,,,
ARG,Liga Profesional,Argentina,2026,2026-04-19,21:00,River Plate,Boca Juniors,0.0,1.0,A,,,1.0,False,,,,,,,,,,,,,2.22,2.93,3.51,,,,,,,
ARG,Liga Profesional,Argentina,2026,2026-04-20,00:30,Rosario Central,Sarmiento Junin,2.0,1.0,H,,,3.0,False,,,,,,,,,,,,,1.43,4.02,7.49,,,,,,,
ARG,Liga Profesional,Argentina,2026,2026-04-20,00:30,Talleres Cordoba,Dep. Riestra,2.0,0.0,H,,,2.0,False,,,,,,,,,,,,,1.65,3.23,6.18,,,,,,,
ARG,Liga Profesional,Argentina,2026,2026-04-20,19:00,Barracas Central,Belgrano,0.0,0.0,D,,,0.0,True,,,,,,,,,,,,,3.6,2.83,2.24,,,,,,,
ARG,Liga Profesional,Argentina,2026,2026-04-20,21:15,Banfield,Ind. Rivadavia,0.0,0.0,D,,,0.0,True,,,,,,,,,,,,,2.51,2.92,2.97,,,,,,,
ARG,Liga Profesional,Argentina,2026,2026-04-20,21:15,Central Cordoba,Platense,4.0,3.0,H,,,7.0,False,,,,,,,,,,,,,3.55,2.76,2.29,,,,,,,
ARG,Liga Profesional,Argentina,2026,2026-04-20,23:30,San Lorenzo,Velez Sarsfield,0.0,0.0,D,,,0.0,True,,,,,,,,,,,,,3.01,2.81,2.56,,,,,,,
ARG,Liga Profesional,Argentina,2026,2026-04-21,01:45,Gimnasia Mendoza,Lanus,1.0,0.0,H,,,1.0,False,,,,,,,,,,,,,3.13,2.68,2.6,,,,,,,
ARG,Liga Profesional,Argentina,2026,2026-04-21,01:45,Tigre,Huracan,1.0,1.0,D,,,2.0,False,,,,,,,,,,,,,2.52,2.67,3.26,,,,,,,
ARG,Liga Profesional,Argentina,2026,2026-04-24,00:00,Defensa y Justicia,Boca Juniors,0.0,4.0,A,,,4.0,False,,,,,,,,,,,,,3.03,2.85,2.49,,,,,,,
ARG,Liga Profesional,Argentina,2026,2026-04-24,21:00,Dep. Riestra,Independiente,2.0,0.0,H,,,2.0,False,,,,,,,,,,,,,3.69,2.81,2.2,,,,,,,
ARG,Liga Profesional,Argentina,2026,2026-04-24,23:15,Estudiantes Rio Cuarto,Rosario Central,1.0,2.0,A,,,3.0,False,,,,,,,,,,,,,4.08,3.02,1.98,,,,,,,
ARG,Liga Profesional,Argentina,2026,2026-04-24,23:15,Lanus,Central Cordoba,0.0,0.0,D,,,0.0,True,,,,,,,,,,,,,1.4,4.07,8.0,,,,,,,
ARG,Liga Profesional,Argentina,2026,2026-04-25,01:30,Platense,San Lorenzo,0.0,1.0,A,,,1.0,False,,,,,,,,,,,,,2.37,2.74,3.38,,,,,,,
ARG,Liga Profesional,Argentina,2026,2026-04-25,01:30,Racing Club,Barracas Central,1.0,1.0,D,,,2.0,False,,,,,,,,,,,,,1.42,4.01,7.78,,,,,,,
ARG,Liga Profesional,Argentina,2026,2026-04-25,21:00,Estudiantes L.P.,Talleres Cordoba,0.0,0.0,D,,,0.0,True,,,,,,,,,,,,,2.15,2.94,3.65,,,,,,,
ARG,Liga Profesional,Argentina,2026,2026-04-25,23:15,Sarmiento Junin,Tigre,1.0,0.0,H,,,1.0,False,,,,,,,,,,,,,3.49,2.8,2.28,,,,,,,
ARG,Liga Profesional,Argentina,2026,2026-04-26,01:30,River Plate,Aldosivi,3.0,1.0,H,,,4.0,False,,,,,,,,,,,,,1.24,4.82,14.44,,,,,,,
ARG,Liga Profesional,Argentina,2026,2026-04-26,19:00,Ind. Rivadavia,Gimnasia Mendoza,5.0,1.0,H,,,6.0,False,,,,,,,,,,,,,1.84,3.03,4.86,,,,,,,
ARG,Liga Profesional,Argentina,2026,2026-04-26,21:30,Belgrano,Gimnasia L.P.,0.0,1.0,A,,,1.0,False,,,,,,,,,,,,,2.04,2.95,4.0,,,,,,,
ARG,Liga Profesional,Argentina,2026,2026-04-26,21:30,Newells Old Boys,Instituto,1.0,1.0,D,,,2.0,False,,,,,,,,,,,,,2.98,2.92,2.45,,,,,,,
ARG,Liga Profesional,Argentina,2026,2026-04-27,00:00,Atl. Tucuman,Banfield,1.0,1.0,D,,,2.0,False,,,,,,,,,,,,,2.17,2.95,3.51,,,,,,,
ARG,Liga Profesional,Argentina,2026,2026-04-27,22:45,Velez Sarsfield,Union de Santa Fe,2.0,2.0,D,,,4.0,False,,,,,,,,,,,,,2.16,3.04,3.45,,,,,,,
ARG,Liga Profesional,Argentina,2026,2026-04-28,01:00,Huracan,Argentinos Jrs,1.0,2.0,A,,,3.0,False,,,,,,,,,,,,,2.84,2.65,2.84,,,,,,,
ARG,Liga Profesional,Argentina,2026,2026-05-02,18:00,Barracas Central,Banfield,1.0,2.0,A,,,3.0,False,,,,,,,,,,,,,2.54,2.8,3.01,,,,,,,
ARG,Liga Profesional,Argentina,2026,2026-05-02,18:30,Lanus,Dep. Riestra,0.0,0.0,D,,,0.0,True,,,,,,,,,,,,,2.31,2.69,3.61,,,,,,,
ARG,Liga Profesional,Argentina,2026,2026-05-02,20:15,Central Cordoba,Boca Juniors,1.0,2.0,A,,,3.0,False,,,,,,,,,,,,,4.97,3.17,1.76,,,,,,,
ARG,Liga Profesional,Argentina,2026,2026-05-02,22:45,San Lorenzo,Independiente,1.0,2.0,A,,,3.0,False,,,,,,,,,,,,,3.09,2.61,2.68,,,,,,,
ARG,Liga Profesional,Argentina,2026,2026-05-02,22:45,Union de Santa Fe,Talleres Cordoba,1.0,1.0,D,,,2.0,False,,,,,,,,,,,,,2.02,3.11,3.78,,,,,,,
ARG,Liga Profesional,Argentina,2026,2026-05-03,01:15,Platense,Estudiantes L.P.,0.0,2.0,A,,,2.0,False,,,,,,,,,,,,,2.82,2.72,2.76,,,,,,,
ARG,Liga Profesional,Argentina,2026,2026-05-03,17:30,Aldosivi,Ind. Rivadavia,1.0,1.0,D,,,2.0,False,,,,,,,,,,,,,2.52,2.92,2.92,,,,,,,
ARG,Liga Profesional,Argentina,2026,2026-05-03,20:00,Belgrano,Sarmiento Junin,4.0,0.0,H,,,4.0,False,,,,,,,,,,,,,1.83,3.09,4.74,,,,,,,
ARG,Liga Profesional,Argentina,2026,2026-05-03,20:00,Gimnasia L.P.,Argentinos Jrs,2.0,0.0,H,,,2.0,False,,,,,,,,,,,,,3.38,2.98,2.22,,,,,,,
ARG,Liga Profesional,Argentina,2026,2026-05-03,20:00,Racing Club,Huracan,0.0,0.0,D,,,0.0,True,,,,,,,,,,,,,1.94,2.97,4.39,,,,,,,
ARG,Liga Profesional,Argentina,2026,2026-05-03,20:00,Rosario Central,Tigre,1.0,1.0,D,,,2.0,False,,,,,,,,,,,,,2.97,2.79,2.58,,,,,,,
ARG,Liga Profesional,Argentina,2026,2026-05-03,22:30,River Plate,Atl. Tucuman,0.0,1.0,A,,,1.0,False,,,,,,,,,,,,,1.52,3.81,6.16,,,,,,,
ARG,Liga Profesional,Argentina,2026,2026-05-04,21:00,Gimnasia Mendoza,Defensa y Justicia,2.0,1.0,H,,,3.0,False,,,,,,,,,,,,,2.25,2.93,3.38,,,,,,,
ARG,Liga Profesional,Argentina,2026,2026-05-04,23:15,Velez Sarsfield,Newells Old Boys,1.0,1.0,D,,,2.0,False,,,,,,,,,,,,,1.82,3.31,4.34,,,,,,,
ARG,Liga Profesional,Argentina,2026,2026-05-05,01:30,Estudiantes Rio Cuarto,Instituto,0.0,2.0,A,,,2.0,False,,,,,,,,,,,,,3.43,2.89,2.25,,,,,,,
ARG,Liga Profesional,Argentina,2026,2026-05-09,20:30,Talleres Cordoba,Belgrano,0.0,1.0,A,,,1.0,False,,,,,,,,,,,,,2.41,2.76,3.28,,,,,,,
ARG,Liga Profesional,Argentina,2026,2026-05-09,23:00,Boca Juniors,Huracan,1.0,1.0,D,,,2.0,False,,,,,,,,,,,,,1.75,3.09,5.4,,,,,,,
ARG,Liga Profesional,Argentina,2026,2026-05-10,01:30,Ind. Rivadavia,Union de Santa Fe,1.0,2.0,A,,,3.0,False,,,,,,,,,,,,,2.12,3.08,3.5,,,,,,,
ARG,Liga Profesional,Argentina,2026,2026-05-10,02:15,Argentinos Jrs,Lanus,2.0,0.0,H,,,2.0,False,,,,,,,,,,,,,2.01,2.99,4.02,,,,,,,
ARG,Liga Profesional,Argentina,2026,2026-05-10,19:00,Rosario Central,Independiente,3.0,1.0,H,,,4.0,False,,,,,,,,,,,,,2.0,3.04,3.94,,,,,,,
ARG,Liga Profesional,Argentina,2026,2026-05-10,21:00,Estudiantes L.P.,Racing Club,0.0,1.0,A,,,1.0,False,,,,,,,,,,,,,2.33,2.87,3.28,,,,,,,
ARG,Liga Profesional,Argentina,2026,2026-05-10,23:00,River Plate,San Lorenzo,1.0,1.0,D,,,2.0,False,,,,,,,,,,,,,1.52,3.52,7.18,,,,,,,
ARG,Liga Profesional,Argentina,2026,2026-05-11,01:30,Velez Sarsfield,Gimnasia L.P.,0.0,1.0,A,,,1.0,False,,,,,,,,,,,,,1.97,3.04,4.08,,,,,,,
ARG,Liga Profesional,Argentina,2026,2026-05-12,23:00,Belgrano,Union de Santa Fe,2.0,0.0,H,,,2.0,False,,,,,,,,,,,,,2.47,2.89,3.01,,,,,,,
ARG,Liga Profesional,Argentina,2026,2026-05-13,01:30,Argentinos Jrs,Huracan,0.0,0.0,D,,,0.0,True,,,,,,,,,,,,,1.84,2.95,5.01,,,,,,,
ARG,Liga Profesional,Argentina,2026,2026-05-13,22:45,Rosario Central,Racing Club,1.0,1.0,D,,,2.0,False,,,,,,,,,,,,,2.22,2.94,3.43,,,,,,,
ARG,Liga Profesional,Argentina,2026,2026-05-14,01:45,River Plate,Gimnasia L.P.,2.0,0.0,H,,,2.0,False,,,,,,,,,,,,,1.53,3.65,6.56,,,,,,,
ARG,Liga Profesional,Argentina,2026,2026-05-16,23:30,River Plate,Rosario Central,1.0,0.0,H,,,1.0,False,,,,,,,,,,,,,2.1,2.9,3.81,,,,,,,
ARG,Liga Profesional,Argentina,2026,2026-05-17,21:00,Argentinos Jrs,Belgrano,1.0,1.0,D,,,2.0,False,,,,,,,,,,,,,1.94,2.86,4.56,,,,,,,
ARG,Liga Profesional,Argentina,2026,2026-05-24,19:30,River Plate,Belgrano,2.0,3.0,A,,,5.0,False,,,,,,,,,,,,,2.15,2.79,3.9,,,,,,,
ARG,Liga Profesional,Argentina,2026,2026-07-23,23:30,Belgrano,Rosario Central,2.0,1.0,H,,,3.0,False,,,,,,,,,,,,,2.52,2.82,3.02,,,,,,,
ARG,Liga Profesional,Argentina,2026,2026-07-23,23:30,Sarmiento Junin,Argentinos Jrs,2.0,3.0,A,,,5.0,False,,,,,,,,,,,,,4.16,2.88,2.02,,,,,,,
ARG,Liga Profesional,Argentina,2026,2026-07-24,01:45,Defensa y Justicia,Aldosivi,1.0,1.0,D,,,2.0,False,,,,,,,,,,,,,1.87,3.1,4.44,,,,,,,
ARG,Liga Profesional,Argentina,2026,2026-07-24,20:45,Gimnasia Mendoza,Central Cordoba,1.0,0.0,H,,,1.0,False,,,,,,,,,,,,,1.9,3.08,4.39,,,,,,,
ARG,Liga Profesional,Argentina,2026,2026-07-24,23:00,Racing Club,Gimnasia L.P.,2.0,1.0,H,,,3.0,False,,,,,,,,,,,,,1.78,3.22,4.8,,,,,,,
ARG,Liga Profesional,Argentina,2026,2026-07-24,23:00,Velez Sarsfield,Instituto,1.0,0.0,H,,,1.0,False,,,,,,,,,,,,,2.08,2.92,3.83,,,,,,,
ARG,Liga Profesional,Argentina,2026,2026-07-25,01:15,Huracan,Banfield,1.0,0.0,H,,,1.0,False,,,,,,,,,,,,,1.97,2.91,4.35,,,,,,,
ARG,Liga Profesional,Argentina,2026,2026-07-25,01:15,Platense,Union de Santa Fe,2.0,2.0,D,,,4.0,False,,,,,,,,,,,,,2.41,2.81,3.21,,,,,,,
ARG,Liga Profesional,Argentina,2026,2026-07-25,18:45,Estudiantes Rio Cuarto,Tigre,1.0,0.0,H,,,1.0,False,,,,,,,,,,,,,3.5,2.73,2.31,,,,,,,
ARG,Liga Profesional,Argentina,2026,2026-07-25,21:00,Newells Old Boys,Talleres Cordoba,1.0,0.0,H,,,1.0,False,,,,,,,,,,,,,2.49,4.02,18.35,,,,,,,
ARG,Liga Profesional,Argentina,2026,2026-07-25,23:15,River Plate,Barracas Central,0.0,1.0,A,,,1.0,False,,,,,,,,,,,,,1.31,4.34,11.23,,,,,,,
ARG,Liga Profesional,Argentina,2026,2026-07-26,01:30,Lanus,San Lorenzo,1.0,0.0,H,,,1.0,False,,,,,,,,,,,,,1.98,2.82,4.44,,,,,,,
ARG,Liga Profesional,Argentina,2026,2026-07-26,19:00,Atl. Tucuman,Ind. Rivadavia,0.0,0.0,D,,,0.0,True,,,,,,,,,,,,,2.75,3.02,2.58,,,,,,,
ARG,Liga Profesional,Argentina,2026,2026-07-26,21:15,Estudiantes L.P.,Independiente,0.0,2.0,A,,,2.0,False,,,,,,,,,,,,,2.11,2.93,3.75,,,,,,,
ARG,Liga Profesional,Argentina,2026,2026-07-26,23:30,Dep. Riestra,Boca Juniors,3.0,0.0,H,,,3.0,False,,,,,,,,,,,,,4.24,2.77,2.05,,,,,,,
ARG,Liga Profesional,Argentina,2026,2026-07-28,23:00,Banfield,Sarmiento Junin,3.0,2.0,H,,,5.0,False,,,,,,,,,,,,,2.14,2.92,3.67,,,,,,,
ARG,Liga Profesional,Argentina,2026,2026-07-28,23:00,San Lorenzo,Gimnasia Mendoza,1.0,0.0,H,,,1.0,False,,,,,,,,,,,,,1.92,3.06,4.2,,,,,,,
ARG,Liga Profesional,Argentina,2026,2026-07-29,01:15,Argentinos Jrs,Estudiantes Rio Cuarto,3.0,0.0,H,,,3.0,False,,,,,,,,,,,,,1.35,4.27,9.43,,,,,,,
ARG,Liga Profesional,Argentina,2026,2026-07-29,01:15,Rosario Central,Racing Club,0.0,0.0,D,,,0.0,True,,,,,,,,,,,,,2.01,3.04,3.88,,,,,,,
ARG,Liga Profesional,Argentina,2026,2026-07-29,18:30,Barracas Central,Aldosivi,1.0,0.0,H,,,1.0,False,,,,,,,,,,,,,2.31,2.69,3.58,,,,,,,
ARG,Liga Profesional,Argentina,2026,2026-07-29,21:00,Defensa y Justicia,Dep. Riestra,2.0,1.0,H,,,3.0,False,,,,,,,,,,,,,2.48,2.71,3.18,,,,,,,
ARG,Liga Profesional,Argentina,2026,2026-07-29,23:15,Gimnasia L.P.,River Plate,1.0,0.0,H,,,1.0,False,,,,,,,,,,,,,4.31,3.02,1.92,,,,,,,
ARG,Liga Profesional,Argentina,2026,2026-07-30,01:30,Instituto,Platense,2.0,1.0,H,,,3.0,False,,,,,,,,,,,,,1.99,2.92,4.21,,,,,,,
ARG,Liga Profesional,Argentina,2026,2026-07-30,23:00,Ind. Rivadavia,Huracan,2.0,1.0,H,,,3.0,False,,,,,,,,,,,,,2.01,2.91,4.19,,,,,,,
ARG,Liga Profesional,Argentina,2026,2026-07-30,23:00,Talleres Cordoba,Velez Sarsfield,1.0,3.0,A,,,4.0,False,,,,,,,,,,,,,2.28,2.85,3.4,,,,,,,
ARG,Liga Profesional,Argentina,2026,2026-07-31,01:15,Central Cordoba,Atl. Tucuman,0.0,2.0,A,,,2.0,False,,,,,,,,,,,,,3.2,2.98,2.3,,,,,,,
ARG,Liga Profesional,Argentina,2026,2026-07-31,01:15,Independiente,Newells Old Boys,1.0,0.0,H,,,1.0,False,,,,,,,,,,,,,1.53,3.71,6.26,,,,,,,
ARG,Liga Profesional,Argentina,2026,2026-08-01,19:30,Estudiantes Rio Cuarto,Banfield,0.0,0.0,D,,,0.0,True,,,,,,,,,,,,,2.72,2.84,2.72,,,,,,,
ARG,Liga Profesional,Argentina,2026,2026-08-01,19:30,Gimnasia Mendoza,Union de Santa Fe,2.0,0.0,H,,,2.0,False,,,,,,,,,,,,,2.78,3.04,2.53,,,,,,,
ARG,Liga Profesional,Argentina,2026,2026-08-01,22:00,Belgrano,Argentinos Jrs,0.0,1.0,A,,,1.0,False,,,,,,,,,,,,,2.3,2.85,3.32,,,,,,,
ARG,Liga Profesional,Argentina,2026,2026-08-01,22:00,Estudiantes L.P.,Defensa y Justicia,3.0,0.0,H,,,3.0,False,,,,,,,,,,,,,1.56,3.54,6.12,,,,,,,
ARG,Liga Profesional,Argentina,2026,2026-08-02,00:30,Racing Club,Tigre,1.0,3.0,A,,,4.0,False,,,,,,,,,,,,,2.13,2.89,3.69,,,,,,,
ARG,Liga Profesional,Argentina,2026,2026-08-02,18:30,Aldosivi,Gimnasia L.P.,1.0,2.0,A,,,3.0,False,,,,,,,,,,,,,3.1,2.69,2.56,,,,,,,
ARG,Liga Profesional,Argentina,2026,2026-08-02,18:30,Dep. Riestra,Barracas Central,0.0,1.0,A,,,1.0,False,,,,,,,,,,,,,2.16,2.64,4.1,,,,,,,
ARG,Liga Profesional,Argentina,2026,2026-08-02,21:00,Newells Old Boys,Boca Juniors,2.0,2.0,D,,,4.0,False,,,,,,,,,,,,,4.55,3.17,1.81,,,,,,,
ARG,Liga Profesional,Argentina,2026,2026-08-02,23:15,River Plate,Rosario Central,0.0,1.0,A,,,1.0,False,,,,,,,,,,,,,1.91,3.02,4.32,,,,,,,
ARG,Liga Profesional,Argentina,2026,2026-08-03,01:30,Lanus,Instituto,0.0,1.0,A,,,1.0,False,,,,,,,,,,,,,2.15,2.87,3.7,,,,,,,
ARG,Liga Profesional,Argentina,2026,2026-08-03,20:45,Sarmiento Junin,Ind. Rivadavia,2.0,1.0,H,,,3.0,False,,,,,,,,,,,,,2.8,2.94,2.57,,,,,,,
ARG,Liga Profesional,Argentina,2026,2026-08-03,23:00,Platense,Talleres Cordoba,0.0,4.0,A,,,4.0,False,,,,,,,,,,,,,2.57,2.75,3.01,,,,,,,
ARG,Liga Profesional,Argentina,2026,2026-08-03,23:00,Velez Sarsfield,Independiente,1.0,0.0,H,,,1.0,False,,,,,,,,,,,,,2.43,2.95,2.97,,,,,,,
ARG,Liga Profesional,Argentina,2026,2026-08-04,01:15,Central Cordoba,San Lorenzo,1.0,0.0,H,,,1.0,False,,,,,,,,,,,,,3.07,2.88,2.45,,,,,,,
ARG,Liga Profesional,Argentina,2026,2026-08-04,01:15,Huracan,Atl. Tucuman,0.0,0.0,D,,,0.0,True,,,,,,,,,,,,,2.0,2.87,4.19,,,,,,,
ARG,Liga Profesional,Argentina,2026,2026-08-05,23:00,Boca Juniors,Estudiantes L.P.,1.0,0.0,H,,,1.0,False,,,,,,,,,,,,,1.79,3.19,4.77,,,,,,,
ARG,Liga Profesional,Argentina,2026,2026-08-06,01:15,Tigre,Belgrano,0.0,0.0,D,,,0.0,True,,,,,,,,,,,,,2.41,2.64,3.46,,,,,,,
ARG,Liga Profesional,Argentina,2026,2026-08-06,23:00,Union de Santa Fe,Lanus,2.0,1.0,H,,,3.0,False,,,,,,,,,,,,,2.54,2.79,3.02,,,,,,,
ARG,Liga Profesional,Argentina,2026,2026-08-07,23:30,Rosario Central,Aldosivi,2.0,1.0,H,,,3.0,False,,,,,,,,,,,,,1.53,3.62,6.64,,,,,,,
ARG,Liga Profesional,Argentina,2026,2026-08-08,01:45,Ind. Rivadavia,Estudiantes Rio Cuarto,2.0,1.0,H,,,3.0,False,,,,,,,,,,,,,1.44,3.89,7.82,,,,,,,
ARG,Liga Profesional,Argentina,2026,2026-08-08,18:45,Atl. Tucuman,Sarmiento Junin,1.0,2.0,A,,,3.0,False,,,,,,,,,,,,,1.82,3.16,4.73,,,,,,,
ARG,Liga Profesional,Argentina,2026,2026-08-08,18:45,Dep. Riestra,Estudiantes L.P.,2.0,0.0,H,,,2.0,False,,,,,,,,,,,,,2.48,2.73,3.22,,,,,,,
ARG,Liga Profesional,Argentina,2026,2026-08-08,21:00,Tigre,River Plate,1.0,0.0,H,,,1.0,False,,,,,,,,,,,,,3.35,2.78,2.37,,,,,,,
ARG,Liga Profesional,Argentina,2026,2026-08-08,23:15,Boca Juniors,Velez Sarsfield,1.0,1.0,D,,,2.0,False,,,,,,,,,,,,,1.6,3.46,6.03,,,,,,,
ARG,Liga Profesional,Argentina,2026,2026-08-09,01:30,Independiente,Platense,0.0,1.0,A,,,1.0,False,,,,,,,,,,,,,1.8,3.13,4.95,,,,,,,
ARG,Liga Profesional,Argentina,2026,2026-08-09,01:30,Instituto,Gimnasia Mendoza,1.0,0.0,H,,,1.0,False,,,,,,,,,,,,,1.54,3.67,6.36,,,,,,,
ARG,Liga Profesional,Argentina,2026,2026-08-09,19:00,San Lorenzo,Huracan,0.0,2.0,A,,,2.0,False,,,,,,,,,,,,,2.7,2.74,2.91,,,,,,,
ARG,Liga Profesional,Argentina,2026,2026-08-09,21:45,Defensa y Justicia,Newells Old Boys,2.0,1.0,H,,,3.0,False,,,,,,,,,,,,,1.92,3.12,4.27,,,,,,,
ARG,Liga Profesional,Argentina,2026,2026-08-09,21:45,Gimnasia L.P.,Barracas Central,2.0,0.0,H,,,2.0,False,,,,,,,,,,,,,1.84,3.07,4.72,,,,,,,
ARG,Liga Profesional,Argentina,2026,2026-08-10,00:15,Argentinos Jrs,Racing Club,2.0,1.0,H,,,3.0,False,,,,,,,,,,,,,1.98,3.02,4.09,,,,,,,
ARG,Liga Profesional,Argentina,2026,2026-08-10,23:00,Banfield,Belgrano,0.0,2.0,A,,,2.0,False,,,,,,,,,,,,,2.93,2.92,2.52,,,,,,,
ARG,Liga Profesional,Argentina,2026,2026-08-11,01:15,Union de Santa Fe,Central Cordoba,1.0,2.0,A,,,3.0,False,,,,,,,,,,,,,1.63,3.48,5.61,,,,,,,
ARG,Liga Profesional,Argentina,2026,2026-08-12,01:00,Talleres Cordoba,Lanus,0.0,3.0,A,,,3.0,False,,,,,,,,,,,,,2.33,2.77,3.44,,,,,,,
ARG,Liga Profesional,Argentina,2026,2026-08-15,00:30,Racing Club,Banfield,0.0,1.0,A,,,1.0,False,,,,,,,,,,,,,1.59,3.64,5.79,,,,,,,
ARG,Liga Profesional,Argentina,2026,2026-08-15,18:30,Aldosivi,Tigre,0.0,0.0,D,,,0.0,True,,,,,,,,,,,,,3.17,2.73,2.52,,,,,,,
ARG,Liga Profesional,Argentina,2026,2026-08-15,18:30,San Lorenzo,Union de Santa Fe,1.0,0.0,H,,,1.0,False,,,,,,,,,,,,,2.78,2.97,2.64,,,,,,,
ARG,Liga Profesional,Argentina,2026,2026-08-15,20:45,Estudiantes L.P.,Gimnasia L.P.,4.0,0.0,H,,,4.0,False,,,,,,,,,,,,,1.98,2.95,4.26,,,,,,,
ARG,Liga Profesional,Argentina,2026,2026-08-15,23:00,Belgrano,Ind. Rivadavia,2.0,0.0,H,,,2.0,False,,,,,,,,,,,,,1.79,3.23,4.8,,,,,,,
ARG,Liga Profesional,Argentina,2026,2026-08-15,23:00,Newells Old Boys,Dep. Riestra,2.0,0.0,H,,,2.0,False,,,,,,,,,,,,,2.77,2.71,2.87,,,,,,,
ARG,Liga Profesional,Argentina,2026,2026-08-16,01:15,Platense,Boca Juniors,1.0,1.0,D,,,2.0,False,,,,,,,,,,,,,5.01,3.2,1.77,,,,,,,
ARG,Liga Profesional,Argentina,2026,2026-08-16,19:00,Sarmiento Junin,Huracan,2.0,0.0,H,,,2.0,False,,,,,,,,,,,,,3.06,2.82,2.52,,,,,,,
ARG,Liga Profesional,Argentina,2026,2026-08-16,22:00,River Plate,Argentinos Jrs,2.0,0.0,H,,,2.0,False,,,,,,,,,,,,,1.88,3.18,4.34,,,,,,,
ARG,Liga Profesional,Argentina,2026,2026-08-17,00:15,Barracas Central,Rosario Central,0.0,1.0,A,,,1.0,False,,,,,,,,,,,,,2.62,2.71,3.07,,,,,,,
ARG,Liga Profesional,Argentina,2026,2026-08-17,00:15,Central Cordoba,Instituto,0.0,1.0,A,,,1.0,False,,,,,,,,,,,,,4.01,3.01,2.02,,,,,,,
ARG,Liga Profesional,Argentina,2026,2026-08-17,18:45,Estudiantes Rio Cuarto,Atl. Tucuman,0.0,1.0,A,,,1.0,False,,,,,,,,,,,,,3.58,2.82,2.26,,,,,,,
ARG,Liga Profesional,Argentina,2026,2026-08-17,21:00,Lanus,Independiente,1.0,3.0,A,,,4.0,False,,,,,,,,,,,,,2.01,2.98,4.07,,,,,,,
ARG,Liga Profesional,Argentina,2026,2026-08-17,23:15,Velez Sarsfield,Defensa y Justicia,1.0,1.0,D,,,2.0,False,,,,,,,,,,,,,1.98,3.21,3.81,,,,,,,
ARG,Liga Profesional,Argentina,2026,2026-08-18,01:30,Gimnasia Mendoza,Talleres Cordoba,3.0,1.0,H,,,4.0,False,,,,,,,,,,,,,2.94,2.88,2.53,,,,,,,
ARG,Liga Profesional,Argentina,2026,2026-08-21,18:30,Aldosivi,Union de Santa Fe,1.0,3.0,A,,,4.0,False,,,,,,,,,,,,,2.68,2.93,2.75,,,,,,,
ARG,Liga Profesional,Argentina,2026,2026-08-22,00:00,Estudiantes Rio Cuarto,San Lorenzo,0.0,0.0,D,,,0.0,True,,,,,,,,,,,,,3.57,2.63,2.4,,,,,,,
ARG,Liga Profesional,Argentina,2026,2026-08-22,20:00,Atl. Tucuman,Instituto,0.0,0.0,D,,,0.0,True,,,,,,,,,,,,,2.8,2.87,2.68,,,,,,,
ARG,Liga Profesional,Argentina,2026,2026-08-22,20:00,Gimnasia L.P.,Gimnasia Mendoza,2.0,3.0,A,,,5.0,False,,,,,,,,,,,,,1.79,3.25,4.63,,,,,,,
ARG,Liga Profesional,Argentina,2026,2026-08-22,22:30,Independiente,Ind. Rivadavia,0.0,0.0,D,,,0.0,True,,,,,,,,,,,,,2.37,2.89,3.22,,,,,,,
ARG,Liga Profesional,Argentina,2026,2026-08-23,01:00,Huracan,Dep. Riestra,0.0,0.0,D,,,0.0,True,,,,,,,,,,,,,2.31,2.5,3.98,,,,,,,
ARG,Liga Profesional,Argentina,2026,2026-08-23,01:00,Newells Old Boys,Banfield,2.0,1.0,H,,,3.0,False,,,,,,,,,,,,,2.07,3.02,3.77,,,,,,,
ARG,Liga Profesional,Argentina,2026,2026-08-23,18:45,Barracas Central,Platense,1.0,2.0,A,,,3.0,False,,,,,,,,,,,,,2.46,2.72,3.25,,,,,,,
ARG,Liga Profesional,Argentina,2026,2026-08-23,18:45,Sarmiento Junin,Estudiantes L.P.,2.0,0.0,H,,,2.0,False,,,,,,,,,,,,,2.99,2.91,2.49,,,,,,,
ARG,Liga Profesional,Argentina,2026,2026-08-23,21:00,Belgrano,Defensa y Justicia,1.0,2.0,A,,,3.0,False,,,,,,,,,,,,,1.81,3.3,4.48,,,,,,,
ARG,Liga Profesional,Argentina,2026,2026-08-23,23:15,River Plate,Velez Sarsfield,2.0,2.0,D,,,4.0,False,,,,,,,,,,,,,1.62,3.39,5.97,,,,,,,
ARG,Liga Profesional,Argentina,2026,2026-08-24,01:30,Racing Club,Boca Juniors,1.0,1.0,D,,,2.0,False,,,,,,,,,,,,,3.07,2.88,2.46,,,,,,,
ARG,Liga Profesional,Argentina,2026,2026-08-24,23:00,Tigre,Central Cordoba,2.0,1.0,H,,,3.0,False,,,,,,,,,,,,,1.63,3.35,6.19,,,,,,,
ARG,Liga Profesional,Argentina,2026,2026-08-25,01:15,Lanus,Argentinos Jrs,1.0,1.0,D,,,2.0,False,,,,,,,,,,,,,2.48,2.88,3.02,,,,,,,
ARG,Liga Profesional,Argentina,2026,2026-08-25,01:15,Talleres Cordoba,Rosario Central,2.0,2.0,D,,,4.0,False,,,,,,,,,,,,,2.95,2.91,2.52,,,,,,,
ARG,Liga Profesional,Argentina,2026,2026-08-28,23:00,Union de Santa Fe,Sarmiento Junin,4.0,1.0,H,,,5.0,False,,,,,,,,,,,,,1.92,3.14,4.17,,,,,,,
ARG,Liga Profesional,Argentina,2026,2026-08-29,01:30,Boca Juniors,Lanus,1.0,0.0,H,,,1.0,False,,,,,,,,,,,,,1.88,3.17,4.29,,,,,,,
ARG,Liga Profesional,Argentina,2026,2026-08-29,18:45,Dep. Riestra,Velez Sarsfield,1.0,1.0,D,,,2.0,False,,,,,,,,,,,,,2.52,2.72,3.16,,,,,,,
ARG,Liga Profesional,Argentina,2026,2026-08-29,21:00,Rosario Central,Gimnasia L.P.,1.0,2.0,A,,,3.0,False,,,,,,,,,,,,,1.57,3.7,5.77,,,,,,,
ARG,Liga Profesional,Argentina,2026,2026-08-29,23:00,Huracan,Estudiantes Rio Cuarto,1.0,1.0,D,,,2.0,False,,,,,,,,,,,,,1.66,3.09,6.52,,,,,,,
ARG,Liga Profesional,Argentina,2026,2026-08-30,01:30,Atl. Tucuman,Belgrano,0.0,0.0,D,,,0.0,True,,,,,,,,,,,,,2.51,2.81,3.08,,,,,,,
ARG,Liga Profesional,Argentina,2026,2026-08-30,01:30,Talleres Cordoba,Central Cordoba,0.0,0.0,D,,,0.0,True,,,,,,,,,,,,,1.79,3.26,4.86,,,,,,,
ARG,Liga Profesional,Argentina,2026,2026-08-30,19:00,Banfield,River Plate,2.0,3.0,A,,,5.0,False,,,,,,,,,,,,,7.07,3.87,1.46,,,,,,,
ARG,Liga Profesional,Argentina,2026,2026-08-30,21:00,Argentinos Jrs,Aldosivi,2.0,1.0,H,,,3.0,False,,,,,,,,,,,,,1.33,4.36,10.06,,,,,,,
ARG,Liga Profesional,Argentina,2026,2026-08-30,23:15,Independiente,Gimnasia Mendoza,0.0,3.0,A,,,3.0,False,,,,,,,,,,,,,1.77,3.29,4.77,,,,,,,
ARG,Liga Profesional,Argentina,2026,2026-08-31,01:30,Ind. Rivadavia,Racing Club,3.0,1.0,H,,,4.0,False,,,,,,,,,,,,,1.95,3.12,4.05,,,,,,,
ARG,Liga Profesional,Argentina,2026,2026-08-31,23:00,Defensa y Justicia,Platense,1.0,0.0,H,,,1.0,False,,,,,,,,,,,,,2.49,2.86,3.04,,,,,,,
ARG,Liga Profesional,Argentina,2026,2026-08-31,23:00,Estudiantes L.P.,Newells Old Boys,0.0,0.0,D,,,0.0,True,,,,,,,,,,,,,1.6,3.45,6.14,,,,,,,
ARG,Liga Profesional,Argentina,2026,2026-09-01,01:15,Instituto,San Lorenzo,1.0,0.0,H,,,1.0,False,,,,,,,,,,,,,1.88,2.99,4.59,,,,,,,
ARG,Liga Profesional,Argentina,2026,2026-09-01,01:15,Tigre,Barracas Central,0.0,0.0,D,,,0.0,True,,,,,,,,,,,,,1.81,2.98,5.08,,,,,,,
AUT,Bundesliga,Austria,2026/2027,2026-07-31,18:30,LASK,Grazer AK,3.0,0.0,H,,,3.0,False,,,,,,,,,,,,,1.5,4.16,5.41,,,,,,,
AUT,Bundesliga,Austria,2026/2027,2026-08-01,16:00,Tirol,Sturm Graz,1.0,1.0,D,,,2.0,False,,,,,,,,,,,,,4.06,3.58,1.78,,,,,,,
AUT,Bundesliga,Austria,2026/2027,2026-08-01,18:30,Salzburg,Hartberg,1.0,0.0,H,,,1.0,False,,,,,,,,,,,,,1.28,5.19,8.44,,,,,,,
AUT,Bundesliga,Austria,2026/2027,2026-08-02,16:00,A. Lustenau,Ried,1.0,1.0,D,,,2.0,False,,,,,,,,,,,,,3.06,3.16,2.23,,,,,,,
AUT,Bundesliga,Austria,2026/2027,2026-08-02,16:00,Wolfsberger AC,Austria Vienna,3.0,0.0,H,,,3.0,False,,,,,,,,,,,,,2.29,3.34,2.86,,,,,,,
AUT,Bundesliga,Austria,2026/2027,2026-08-02,18:00,SK Rapid,Altach,1.0,0.0,H,,,1.0,False,,,,,,,,,,,,,1.61,3.76,5.04,,,,,,,
AUT,Bundesliga,Austria,2026/2027,2026-08-07,18:30,Altach,Tirol,3.0,1.0,H,,,4.0,False,,,,,,,,,,,,,1.71,3.63,4.38,,,,,,,
AUT,Bundesliga,Austria,2026/2027,2026-08-08,16:00,Grazer AK,A. Lustenau,2.0,1.0,H,,,3.0,False,,,,,,,,,,,,,1.86,3.39,3.89,,,,,,,
AUT,Bundesliga,Austria,2026/2027,2026-08-08,18:30,Hartberg,Sturm Graz,0.0,2.0,A,,,2.0,False,,,,,,,,,,,,,4.41,3.74,1.68,,,,,,,
AUT,Bundesliga,Austria,2026/2027,2026-08-09,16:00,Ried,SK Rapid,1.0,2.0,A,,,3.0,False,,,,,,,,,,,,,3.11,3.37,2.11,,,,,,,
AUT,Bundesliga,Austria,2026/2027,2026-08-09,16:00,Wolfsberger AC,Salzburg,1.0,1.0,D,,,2.0,False,,,,,,,,,,,,,3.15,3.62,2.01,,,,,,,
AUT,Bundesliga,Austria,2026/2027,2026-08-09,18:00,Austria Vienna,LASK,0.0,2.0,A,,,2.0,False,,,,,,,,,,,,,3.9,3.71,1.78,,,,,,,
AUT,Bundesliga,Austria,2026/2027,2026-08-14,18:30,LASK,Ried,4.0,1.0,H,,,5.0,False,,,,,,,,,,,,,1.4,4.66,6.34,,,,,,,
AUT,Bundesliga,Austria,2026/2027,2026-08-15,16:00,A. Lustenau,Wolfsberger AC,2.0,1.0,H,,,3.0,False,,,,,,,,,,,,,3.39,3.48,1.98,,,,,,,
AUT,Bundesliga,Austria,2026/2027,2026-08-15,18:30,Sturm Graz,Altach,1.0,0.0,H,,,1.0,False,,,,,,,,,,,,,1.62,3.85,4.77,,,,,,,
AUT,Bundesliga,Austria,2026/2027,2026-08-16,16:00,Hartberg,Austria Vienna,0.0,2.0,A,,,2.0,False,,,,,,,,,,,,,2.8,3.24,2.37,,,,,,,
AUT,Bundesliga,Austria,2026/2027,2026-08-16,16:00,Tirol,Salzburg,0.0,3.0,A,,,3.0,False,,,,,,,,,,,,,6.6,4.9,1.37,,,,,,,
AUT,Bundesliga,Austria,2026/2027,2026-08-16,18:00,SK Rapid,Grazer AK,8.0,0.0,H,,,8.0,False,,,,,,,,,,,,,1.48,4.06,6.01,,,,,,,
AUT,Bundesliga,Austria,2026/2027,2026-08-21,18:30,Ried,Grazer AK,1.0,0.0,H,,,1.0,False,,,,,,,,,,,,,1.95,3.36,3.62,,,,,,,
AUT,Bundesliga,Austria,2026/2027,2026-08-22,16:00,Altach,Hartberg,1.0,2.0,A,,,3.0,False,,,,,,,,,,,,,1.75,3.59,4.26,,,,,,,
AUT,Bundesliga,Austria,2026/2027,2026-08-22,18:30,Sturm Graz,A. Lustenau,1.0,1.0,D,,,2.0,False,,,,,,,,,,,,,1.34,4.88,7.38,,,,,,,
AUT,Bundesliga,Austria,2026/2027,2026-08-28,18:30,A. Lustenau,Tirol,0.0,4.0,A,,,4.0,False,,,,,,,,,,,,,2.11,3.54,3.04,,,,,,,
AUT,Bundesliga,Austria,2026/2027,2026-08-29,16:00,Grazer AK,Wolfsberger AC,0.0,0.0,D,,,0.0,True,,,,,,,,,,,,,2.53,3.37,2.55,,,,,,,
AUT,Bundesliga,Austria,2026/2027,2026-08-29,18:30,LASK,Altach,3.0,0.0,H,,,3.0,False,,,,,,,,,,,,,1.34,4.91,7.67,,,,,,,
AUT,Bundesliga,Austria,2026/2027,2026-08-30,16:00,Hartberg,Ried,3.0,2.0,H,,,5.0,False,,,,,,,,,,,,,2.93,3.33,2.22,,,,,,,
AUT,Bundesliga,Austria,2026/2027,2026-08-30,16:00,SK Rapid,Sturm Graz,3.0,1.0,H,,,4.0,False,,,,,,,,,,,,,2.03,3.72,3.09,,,,,,,
AUT,Bundesliga,Austria,2026/2027,2026-08-30,18:00,Salzburg,Austria Vienna,4.0,1.0,H,,,5.0,False,,,,,,,,,,,,,1.35,5.01,7.15,,,,,,,
BRA,Serie A,Brazil,2026,2026-01-28,22:00,Atletico-MG,Palmeiras,2.0,2.0,D,,,4.0,False,,,,,,,,,,,,,2.99,3.06,2.42,,,,,,,
BRA,Serie A,Brazil,2026,2026-01-28,22:00,Coritiba,Bragantino,0.0,1.0,A,,,1.0,False,,,,,,,,,,,,,2.62,2.91,2.87,,,,,,,
BRA,Serie A,Brazil,2026,2026-01-28,22:00,Internacional,Athletico-PR,0.0,1.0,A,,,1.0,False,,,,,,,,,,,,,1.97,3.21,3.93,,,,,,,
BRA,Serie A,Brazil,2026,2026-01-28,22:00,Vitoria,Remo,2.0,0.0,H,,,2.0,False,,,,,,,,,,,,,1.79,3.34,4.62,,,,,,,
BRA,Serie A,Brazil,2026,2026-01-28,22:30,Fluminense,Gremio,2.0,1.0,H,,,3.0,False,,,,,,,,,,,,,1.59,3.79,5.53,,,,,,,
BRA,Serie A,Brazil,2026,2026-01-28,23:00,Chapecoense-SC,Santos,4.0,2.0,H,,,6.0,False,,,,,,,,,,,,,2.86,3.08,2.51,,,,,,,
BRA,Serie A,Brazil,2026,2026-01-28,23:00,Corinthians,Bahia,1.0,2.0,A,,,3.0,False,,,,,,,,,,,,,2.21,3.31,3.15,,,,,,,
BRA,Serie A,Brazil,2026,2026-01-29,00:30,Sao Paulo,Flamengo RJ,2.0,1.0,H,,,3.0,False,,,,,,,,,,,,,3.7,2.95,2.16,,,,,,,
BRA,Serie A,Brazil,2026,2026-01-29,23:00,Mirassol,Vasco,2.0,1.0,H,,,3.0,False,,,,,,,,,,,,,1.89,3.3,4.13,,,,,,,
BRA,Serie A,Brazil,2026,2026-01-30,00:30,Botafogo RJ,Cruzeiro,4.0,0.0,H,,,4.0,False,,,,,,,,,,,,,2.39,3.03,3.11,,,,,,,
BRA,Serie A,Brazil,2026,2026-02-04,22:00,Bragantino,Atletico-MG,1.0,0.0,H,,,1.0,False,,,,,,,,,,,,,2.07,3.16,3.67,,,,,,,
BRA,Serie A,Brazil,2026,2026-02-04,22:00,Flamengo RJ,Internacional,1.0,1.0,D,,,2.0,False,,,,,,,,,,,,,1.4,4.46,7.62,,,,,,,
BRA,Serie A,Brazil,2026,2026-02-04,23:00,Remo,Mirassol,2.0,2.0,D,,,4.0,False,,,,,,,,,,,,,2.97,3.1,2.42,,,,,,,
BRA,Serie A,Brazil,2026,2026-02-04,23:00,Santos,Sao Paulo,1.0,1.0,D,,,2.0,False,,,,,,,,,,,,,2.21,3.13,3.29,,,,,,,
BRA,Serie A,Brazil,2026,2026-02-05,00:30,Gremio,Botafogo RJ,5.0,3.0,H,,,8.0,False,,,,,,,,,,,,,2.28,3.1,3.21,,,,,,,
BRA,Serie A,Brazil,2026,2026-02-05,00:30,Palmeiras,Vitoria,5.0,1.0,H,,,6.0,False,,,,,,,,,,,,,1.31,4.86,9.17,,,,,,,
BRA,Serie A,Brazil,2026,2026-02-05,22:00,Bahia,Fluminense,1.0,1.0,D,,,2.0,False,,,,,,,,,,,,,2.1,3.21,3.5,,,,,,,
BRA,Serie A,Brazil,2026,2026-02-05,23:00,Vasco,Chapecoense-SC,1.0,1.0,D,,,2.0,False,,,,,,,,,,,,,1.54,3.9,5.98,,,,,,,
BRA,Serie A,Brazil,2026,2026-02-06,00:30,Cruzeiro,Coritiba,1.0,2.0,A,,,3.0,False,,,,,,,,,,,,,1.37,4.31,8.94,,,,,,,
BRA,Serie A,Brazil,2026,2026-02-11,00:30,Vitoria,Flamengo RJ,1.0,2.0,A,,,3.0,False,,,,,,,,,,,,,5.53,3.71,1.61,,,,,,,
BRA,Serie A,Brazil,2026,2026-02-11,22:00,Chapecoense-SC,Coritiba,3.0,3.0,D,,,6.0,False,,,,,,,,,,,,,2.69,3.06,2.67,,,,,,,
BRA,Serie A,Brazil,2026,2026-02-11,22:00,Mirassol,Cruzeiro,2.0,2.0,D,,,4.0,False,,,,,,,,,,,,,2.38,3.09,3.04,,,,,,,
BRA,Serie A,Brazil,2026,2026-02-11,23:00,Atletico-MG,Remo,3.0,3.0,D,,,6.0,False,,,,,,,,,,,,,1.4,4.36,7.61,,,,,,,
BRA,Serie A,Brazil,2026,2026-02-12,00:30,Sao Paulo,Gremio,2.0,0.0,H,,,2.0,False,,,,,,,,,,,,,1.9,3.23,4.22,,,,,,,
BRA,Serie A,Brazil,2026,2026-02-12,00:30,Vasco,Bahia,0.0,1.0,A,,,1.0,False,,,,,,,,,,,,,2.23,3.26,3.15,,,,,,,
BRA,Serie A,Brazil,2026,2026-02-12,22:00,Athletico-PR,Santos,2.0,1.0,H,,,3.0,False,,,,,,,,,,,,,1.99,3.19,3.89,,,,,,,
BRA,Serie A,Brazil,2026,2026-02-12,22:30,Fluminense,Botafogo RJ,1.0,0.0,H,,,1.0,False,,,,,,,,,,,,,1.8,3.26,4.81,,,,,,,
BRA,Serie A,Brazil,2026,2026-02-12,23:00,Corinthians,Bragantino,2.0,0.0,H,,,2.0,False,,,,,,,,,,,,,1.91,3.16,4.29,,,,,,,
BRA,Serie A,Brazil,2026,2026-02-13,00:30,Internacional,Palmeiras,1.0,3.0,A,,,4.0,False,,,,,,,,,,,,,3.03,3.31,2.27,,,,,,,
BRA,Serie A,Brazil,2026,2026-02-19,22:30,Athletico-PR,Corinthians,0.0,1.0,A,,,1.0,False,,,,,,,,,,,,,2.59,2.92,2.89,,,,,,,
BRA,Serie A,Brazil,2026,2026-02-25,22:00,Bragantino,Athletico-PR,1.0,1.0,D,,,2.0,False,,,,,,,,,,,,,2.02,3.2,3.71,,,,,,,
BRA,Serie A,Brazil,2026,2026-02-25,22:00,Remo,Internacional,1.0,1.0,D,,,2.0,False,,,,,,,,,,,,,3.22,3.34,2.14,,,,,,,
BRA,Serie A,Brazil,2026,2026-02-25,22:30,Coritiba,Sao Paulo,0.0,1.0,A,,,1.0,False,,,,,,,,,,,,,2.5,3.04,2.9,,,,,,,
BRA,Serie A,Brazil,2026,2026-02-25,23:00,Cruzeiro,Corinthians,1.0,1.0,D,,,2.0,False,,,,,,,,,,,,,1.7,3.48,5.03,,,,,,,
BRA,Serie A,Brazil,2026,2026-02-26,00:30,Gremio,Atletico-MG,2.0,1.0,H,,,3.0,False,,,,,,,,,,,,,2.19,3.22,3.22,,,,,,,
BRA,Serie A,Brazil,2026,2026-02-26,00:30,Palmeiras,Fluminense,2.0,1.0,H,,,3.0,False,,,,,,,,,,,,,1.65,3.71,5.01,,,,,,,
BRA,Serie A,Brazil,2026,2026-02-26,22:00,Santos,Vasco,2.0,1.0,H,,,3.0,False,,,,,,,,,,,,,2.02,3.35,3.56,,,,,,,
BRA,Serie A,Brazil,2026,2026-03-11,00:30,Mirassol,Santos,2.0,2.0,D,,,4.0,False,,,,,,,,,,,,,1.73,3.62,4.5,,,,,,,
BRA,Serie A,Brazil,2026,2026-03-11,22:00,Atletico-MG,Internacional,1.0,0.0,H,,,1.0,False,,,,,,,,,,,,,2.03,3.37,3.51,,,,,,,
BRA,Serie A,Brazil,2026,2026-03-11,23:00,Bahia,Vitoria,1.0,1.0,D,,,2.0,False,,,,,,,,,,,,,1.68,3.58,4.93,,,,,,,
BRA,Serie A,Brazil,2026,2026-03-12,00:30,Corinthians,Coritiba,0.0,2.0,A,,,2.0,False,,,,,,,,,,,,,1.63,3.61,5.46,,,,,,,
BRA,Serie A,Brazil,2026,2026-03-12,00:30,Flamengo RJ,Cruzeiro,2.0,0.0,H,,,2.0,False,,,,,,,,,,,,,1.47,4.08,6.64,,,,,,,
BRA,Serie A,Brazil,2026,2026-03-12,22:00,Remo,Fluminense,0.0,2.0,A,,,2.0,False,,,,,,,,,,,,,3.92,3.52,1.87,,,,,,,
BRA,Serie A,Brazil,2026,2026-03-12,22:30,Vasco,Palmeiras,2.0,1.0,H,,,3.0,False,,,,,,,,,,,,,3.0,3.21,2.33,,,,,,,
BRA,Serie A,Brazil,2026,2026-03-12,23:00,Sao Paulo,Chapecoense-SC,2.0,0.0,H,,,2.0,False,,,,,,,,,,,,,1.41,4.43,7.11,,,,,,,
BRA,Serie A,Brazil,2026,2026-03-13,00:30,Gremio,Bragantino,1.0,1.0,D,,,2.0,False,,,,,,,,,,,,,2.21,3.29,3.12,,,,,,,
BRA,Serie A,Brazil,2026,2026-03-14,21:30,Vitoria,Atletico-MG,2.0,0.0,H,,,2.0,False,,,,,,,,,,,,,2.33,3.01,3.15,,,,,,,
BRA,Serie A,Brazil,2026,2026-03-14,23:30,Botafogo RJ,Flamengo RJ,0.0,3.0,A,,,3.0,False,,,,,,,,,,,,,3.97,3.25,1.93,,,,,,,
BRA,Serie A,Brazil,2026,2026-03-15,19:00,Fluminense,Athletico-PR,3.0,2.0,H,,,5.0,False,,,,,,,,,,,,,1.78,3.39,4.53,,,,,,,
BRA,Serie A,Brazil,2026,2026-03-15,19:00,Internacional,Bahia,0.0,1.0,A,,,1.0,False,,,,,,,,,,,,,1.8,3.62,4.04,,,,,,,
BRA,Serie A,Brazil,2026,2026-03-15,19:00,Santos,Corinthians,1.0,1.0,D,,,2.0,False,,,,,,,,,,,,,2.48,3.02,2.92,,,,,,,
BRA,Serie A,Brazil,2026,2026-03-15,21:30,Coritiba,Remo,1.0,0.0,H,,,1.0,False,,,,,,,,,,,,,1.72,3.56,4.63,,,,,,,
BRA,Serie A,Brazil,2026,2026-03-15,21:30,Palmeiras,Mirassol,1.0,0.0,H,,,1.0,False,,,,,,,,,,,,,1.63,3.76,5.09,,,,,,,
BRA,Serie A,Brazil,2026,2026-03-15,23:30,Bragantino,Sao Paulo,1.0,2.0,A,,,3.0,False,,,,,,,,,,,,,2.36,3.08,3.04,,,,,,,
BRA,Serie A,Brazil,2026,2026-03-15,23:30,Cruzeiro,Vasco,3.0,3.0,D,,,6.0,False,,,,,,,,,,,,,1.88,3.27,4.14,,,,,,,
BRA,Serie A,Brazil,2026,2026-03-16,23:00,Chapecoense-SC,Gremio,1.0,1.0,D,,,2.0,False,,,,,,,,,,,,,2.91,3.35,2.29,,,,,,,
BRA,Serie A,Brazil,2026,2026-03-18,22:00,Bahia,Bragantino,2.0,0.0,H,,,2.0,False,,,,,,,,,,,,,1.64,3.69,5.13,,,,,,,
BRA,Serie A,Brazil,2026,2026-03-18,22:00,Palmeiras,Botafogo RJ,2.0,1.0,H,,,3.0,False,,,,,,,,,,,,,1.49,4.06,6.24,,,,,,,
BRA,Serie A,Brazil,2026,2026-03-18,22:30,Athletico-PR,Cruzeiro,2.0,1.0,H,,,3.0,False,,,,,,,,,,,,,2.11,3.2,3.45,,,,,,,
BRA,Serie A,Brazil,2026,2026-03-18,23:00,Atletico-MG,Sao Paulo,1.0,0.0,H,,,1.0,False,,,,,,,,,,,,,2.31,3.01,3.2,,,,,,,
BRA,Serie A,Brazil,2026,2026-03-18,23:00,Mirassol,Coritiba,0.0,1.0,A,,,1.0,False,,,,,,,,,,,,,1.63,3.6,5.43,,,,,,,
BRA,Serie A,Brazil,2026,2026-03-19,00:30,Santos,Internacional,1.0,2.0,A,,,3.0,False,,,,,,,,,,,,,2.09,3.21,3.47,,,,,,,
BRA,Serie A,Brazil,2026,2026-03-19,00:30,Vasco,Fluminense,3.0,2.0,H,,,5.0,False,,,,,,,,,,,,,3.52,3.11,2.11,,,,,,,
BRA,Serie A,Brazil,2026,2026-03-19,22:00,Gremio,Vitoria,2.0,0.0,H,,,2.0,False,,,,,,,,,,,,,1.78,3.39,4.55,,,,,,,
BRA,Serie A,Brazil,2026,2026-03-19,23:00,Flamengo RJ,Remo,3.0,0.0,H,,,3.0,False,,,,,,,,,,,,,1.14,7.42,16.04,,,,,,,
BRA,Serie A,Brazil,2026,2026-03-20,00:30,Chapecoense-SC,Corinthians,0.0,0.0,D,,,0.0,True,,,,,,,,,,,,,3.24,3.1,2.25,,,,,,,
BRA,Serie A,Brazil,2026,2026-03-21,19:00,Bragantino,Botafogo RJ,1.0,2.0,A,,,3.0,False,,,,,,,,,,,,,1.89,3.37,3.98,,,,,,,
BRA,Serie A,Brazil,2026,2026-03-21,21:30,Fluminense,Atletico-MG,1.0,0.0,H,,,1.0,False,,,,,,,,,,,,,1.63,3.5,5.62,,,,,,,
BRA,Serie A,Brazil,2026,2026-03-22,00:00,Sao Paulo,Palmeiras,0.0,1.0,A,,,1.0,False,,,,,,,,,,,,,2.62,2.97,2.78,,,,,,,
BRA,Serie A,Brazil,2026,2026-03-22,19:00,Athletico-PR,Coritiba,2.0,0.0,H,,,2.0,False,,,,,,,,,,,,,1.93,3.14,4.16,,,,,,,
BRA,Serie A,Brazil,2026,2026-03-22,19:00,Cruzeiro,Santos,0.0,0.0,D,,,0.0,True,,,,,,,,,,,,,1.67,3.57,5.04,,,,,,,
BRA,Serie A,Brazil,2026,2026-03-22,19:00,Remo,Bahia,4.0,1.0,H,,,5.0,False,,,,,,,,,,,,,2.92,3.12,2.41,,,,,,,
BRA,Serie A,Brazil,2026,2026-03-22,19:00,Vasco,Gremio,2.0,1.0,H,,,3.0,False,,,,,,,,,,,,,1.85,3.45,4.03,,,,,,,
BRA,Serie A,Brazil,2026,2026-03-22,21:30,Internacional,Chapecoense-SC,2.0,0.0,H,,,2.0,False,,,,,,,,,,,,,1.37,4.72,7.48,,,,,,,
BRA,Serie A,Brazil,2026,2026-03-22,21:30,Vitoria,Mirassol,1.0,0.0,H,,,1.0,False,,,,,,,,,,,,,2.51,3.07,2.82,,,,,,,
BRA,Serie A,Brazil,2026,2026-03-22,23:30,Corinthians,Flamengo RJ,1.0,1.0,D,,,2.0,False,,,,,,,,,,,,,3.28,3.03,2.26,,,,,,,
BRA,Serie A,Brazil,2026,2026-03-29,23:30,Athletico-PR,Botafogo RJ,4.0,1.0,H,,,5.0,False,,,,,,,,,,,,,1.95,3.21,3.9,,,,,,,
BRA,Serie A,Brazil,2026,2026-04-01,23:30,Botafogo RJ,Mirassol,3.0,2.0,H,,,5.0,False,,,,,,,,,,,,,2.26,3.24,3.04,,,,,,,
BRA,Serie A,Brazil,2026,2026-04-01,23:30,Internacional,Sao Paulo,1.0,1.0,D,,,2.0,False,,,,,,,,,,,,,2.18,3.08,3.4,,,,,,,
BRA,Serie A,Brazil,2026,2026-04-02,00:00,Bahia,Athletico-PR,3.0,0.0,H,,,3.0,False,,,,,,,,,,,,,1.77,3.48,4.44,,,,,,,
BRA,Serie A,Brazil,2026,2026-04-02,00:00,Cruzeiro,Vitoria,3.0,0.0,H,,,3.0,False,,,,,,,,,,,,,1.5,3.93,6.21,,,,,,,
BRA,Serie A,Brazil,2026,2026-04-02,00:30,Coritiba,Vasco,1.0,1.0,D,,,2.0,False,,,,,,,,,,,,,2.66,2.95,2.75,,,,,,,
BRA,Serie A,Brazil,2026,2026-04-02,01:30,Fluminense,Corinthians,3.0,1.0,H,,,4.0,False,,,,,,,,,,,,,1.79,3.3,4.64,,,,,,,
BRA,Serie A,Brazil,2026,2026-04-02,23:00,Chapecoense-SC,Atletico-MG,0.0,4.0,A,,,4.0,False,,,,,,,,,,,,,3.26,3.19,2.19,,,,,,,
BRA,Serie A,Brazil,2026,2026-04-02,23:00,Santos,Remo,2.0,0.0,H,,,2.0,False,,,,,,,,,,,,,1.62,3.64,5.39,,,,,,,
BRA,Serie A,Brazil,2026,2026-04-03,01:30,Bragantino,Flamengo RJ,3.0,0.0,H,,,3.0,False,,,,,,,,,,,,,3.68,3.14,2.05,,,,,,,
BRA,Serie A,Brazil,2026,2026-04-03,01:30,Palmeiras,Gremio,2.0,1.0,H,,,3.0,False,,,,,,,,,,,,,1.5,4.15,5.72,,,,,,,
BRA,Serie A,Brazil,2026,2026-04-04,22:30,Sao Paulo,Cruzeiro,4.0,1.0,H,,,5.0,False,,,,,,,,,,,,,2.21,3.08,3.35,,,,,,,
BRA,Serie A,Brazil,2026,2026-04-05,00:30,Coritiba,Fluminense,1.0,1.0,D,,,2.0,False,,,,,,,,,,,,,3.04,2.95,2.44,,,,,,,
BRA,Serie A,Brazil,2026,2026-04-05,01:00,Vasco,Botafogo RJ,1.0,2.0,A,,,3.0,False,,,,,,,,,,,,,1.93,3.34,3.82,,,,,,,
BRA,Serie A,Brazil,2026,2026-04-05,20:00,Chapecoense-SC,Vitoria,1.0,1.0,D,,,2.0,False,,,,,,,,,,,,,2.53,3.16,2.72,,,,,,,
BRA,Serie A,Brazil,2026,2026-04-05,21:30,Atletico-MG,Athletico-PR,2.0,1.0,H,,,3.0,False,,,,,,,,,,,,,2.16,3.17,3.34,,,,,,,
BRA,Serie A,Brazil,2026,2026-04-05,21:30,Flamengo RJ,Santos,3.0,1.0,H,,,4.0,False,,,,,,,,,,,,,1.33,4.64,8.96,,,,,,,
BRA,Serie A,Brazil,2026,2026-04-05,23:30,Bahia,Palmeiras,1.0,2.0,A,,,3.0,False,,,,,,,,,,,,,2.53,3.08,2.78,,,,,,,
BRA,Serie A,Brazil,2026,2026-04-05,23:30,Corinthians,Internacional,0.0,1.0,A,,,1.0,False,,,,,,,,,,,,,2.14,3.03,3.54,,,,,,,
BRA,Serie A,Brazil,2026,2026-04-06,00:00,Mirassol,Bragantino,0.0,1.0,A,,,1.0,False,,,,,,,,,,,,,2.1,3.26,3.4,,,,,,,
BRA,Serie A,Brazil,2026,2026-04-06,00:30,Gremio,Remo,0.0,0.0,D,,,0.0,True,,,,,,,,,,,,,1.67,3.74,4.8,,,,,,,
BRA,Serie A,Brazil,2026,2026-04-11,20:30,Remo,Vasco,1.0,1.0,D,,,2.0,False,,,,,,,,,,,,,2.86,3.2,2.41,,,,,,,
BRA,Serie A,Brazil,2026,2026-04-11,20:30,Vitoria,Sao Paulo,2.0,0.0,H,,,2.0,False,,,,,,,,,,,,,2.95,3.0,2.47,,,,,,,
BRA,Serie A,Brazil,2026,2026-04-11,22:30,Mirassol,Bahia,1.0,2.0,A,,,3.0,False,,,,,,,,,,,,,2.17,3.3,3.18,,,,,,,
BRA,Serie A,Brazil,2026,2026-04-12,00:00,Santos,Atletico-MG,1.0,0.0,H,,,1.0,False,,,,,,,,,,,,,2.18,3.15,3.31,,,,,,,
BRA,Serie A,Brazil,2026,2026-04-12,00:30,Internacional,Gremio,0.0,0.0,D,,,0.0,True,,,,,,,,,,,,,1.76,3.49,4.51,,,,,,,
BRA,Serie A,Brazil,2026,2026-04-12,15:00,Athletico-PR,Chapecoense-SC,2.0,0.0,H,,,2.0,False,,,,,,,,,,,,,1.46,4.14,6.34,,,,,,,
BRA,Serie A,Brazil,2026,2026-04-12,20:00,Botafogo RJ,Coritiba,2.0,2.0,D,,,4.0,False,,,,,,,,,,,,,1.83,3.35,4.3,,,,,,,
BRA,Serie A,Brazil,2026,2026-04-12,22:00,Fluminense,Flamengo RJ,1.0,2.0,A,,,3.0,False,,,,,,,,,,,,,3.07,3.01,2.38,,,,,,,
BRA,Serie A,Brazil,2026,2026-04-12,22:30,Corinthians,Palmeiras,0.0,0.0,D,,,0.0,True,,,,,,,,,,,,,2.69,2.91,2.78,,,,,,,
BRA,Serie A,Brazil,2026,2026-04-12,22:30,Cruzeiro,Bragantino,2.0,1.0,H,,,3.0,False,,,,,,,,,,,,,1.93,3.32,3.89,,,,,,,
BRA,Serie A,Brazil,2026,2026-04-18,22:30,Chapecoense-SC,Botafogo RJ,1.0,4.0,A,,,5.0,False,,,,,,,,,,,,,3.49,3.41,2.02,,,,,,,
BRA,Serie A,Brazil,2026,2026-04-18,22:30,Vasco,Sao Paulo,2.0,1.0,H,,,3.0,False,,,,,,,,,,,,,2.12,3.19,3.44,,,,,,,
BRA,Serie A,Brazil,2026,2026-04-19,00:00,Vitoria,Corinthians,0.0,0.0,D,,,0.0,True,,,,,,,,,,,,,2.6,2.96,2.84,,,,,,,
BRA,Serie A,Brazil,2026,2026-04-19,00:30,Cruzeiro,Gremio,2.0,0.0,H,,,2.0,False,,,,,,,,,,,,,1.66,3.65,5.03,,,,,,,
BRA,Serie A,Brazil,2026,2026-04-19,15:00,Internacional,Mirassol,1.0,2.0,A,,,3.0,False,,,,,,,,,,,,,1.88,3.4,4.04,,,,,,,
BRA,Serie A,Brazil,2026,2026-04-19,20:00,Coritiba,Atletico-MG,2.0,0.0,H,,,2.0,False,,,,,,,,,,,,,2.23,3.1,3.29,,,,,,,
BRA,Serie A,Brazil,2026,2026-04-19,20:00,Santos,Fluminense,2.0,3.0,A,,,5.0,False,,,,,,,,,,,,,2.22,3.18,3.22,,,,,,,
BRA,Serie A,Brazil,2026,2026-04-19,22:30,Bragantino,Remo,4.0,2.0,H,,,6.0,False,,,,,,,,,,,,,1.49,4.05,6.34,,,,,,,
BRA,Serie A,Brazil,2026,2026-04-19,22:30,Palmeiras,Athletico-PR,1.0,0.0,H,,,1.0,False,,,,,,,,,,,,,1.56,3.78,5.93,,,,,,,
BRA,Serie A,Brazil,2026,2026-04-19,23:30,Flamengo RJ,Bahia,2.0,0.0,H,,,2.0,False,,,,,,,,,,,,,1.43,4.46,6.67,,,,,,,
BRA,Serie A,Brazil,2026,2026-04-25,22:30,Bahia,Santos,2.0,2.0,D,,,4.0,False,,,,,,,,,,,,,1.59,3.86,5.21,,,,,,,
BRA,Serie A,Brazil,2026,2026-04-25,22:30,Botafogo RJ,Internacional,2.0,2.0,D,,,4.0,False,,,,,,,,,,,,,2.48,3.18,2.75,,,,,,,
BRA,Serie A,Brazil,2026,2026-04-25,22:30,Remo,Cruzeiro,0.0,1.0,A,,,1.0,False,,,,,,,,,,,,,2.82,3.28,2.38,,,,,,,
BRA,Serie A,Brazil,2026,2026-04-26,01:00,Sao Paulo,Mirassol,1.0,0.0,H,,,1.0,False,,,,,,,,,,,,,1.95,3.29,3.83,,,,,,,
BRA,Serie A,Brazil,2026,2026-04-26,20:00,Corinthians,Vasco,1.0,0.0,H,,,1.0,False,,,,,,,,,,,,,2.14,3.21,3.34,,,,,,,
BRA,Serie A,Brazil,2026,2026-04-26,20:00,Gremio,Coritiba,1.0,0.0,H,,,1.0,False,,,,,,,,,,,,,1.87,3.27,4.16,,,,,,,
BRA,Serie A,Brazil,2026,2026-04-26,22:30,Athletico-PR,Vitoria,3.0,1.0,H,,,4.0,False,,,,,,,,,,,,,1.59,3.64,5.79,,,,,,,
BRA,Serie A,Brazil,2026,2026-04-26,22:30,Bragantino,Palmeiras,0.0,1.0,A,,,1.0,False,,,,,,,,,,,,,2.8,3.13,2.48,,,,,,,
BRA,Serie A,Brazil,2026,2026-04-27,00:30,Atletico-MG,Flamengo RJ,0.0,4.0,A,,,4.0,False,,,,,,,,,,,,,4.6,3.47,1.74,,,,,,,
BRA,Serie A,Brazil,2026,2026-04-27,00:30,Fluminense,Chapecoense-SC,2.0,1.0,H,,,3.0,False,,,,,,,,,,,,,1.28,5.27,9.42,,,,,,,
BRA,Serie A,Brazil,2026,2026-05-02,20:00,Botafogo RJ,Remo,1.0,2.0,A,,,3.0,False,,,,,,,,,,,,,1.53,3.98,5.69,,,,,,,
BRA,Serie A,Brazil,2026,2026-05-02,22:30,Palmeiras,Santos,1.0,1.0,D,,,2.0,False,,,,,,,,,,,,,1.55,3.79,6.06,,,,,,,
BRA,Serie A,Brazil,2026,2026-05-02,22:30,Vitoria,Coritiba,4.0,1.0,H,,,5.0,False,,,,,,,,,,,,,2.16,3.01,3.52,,,,,,,
BRA,Serie A,Brazil,2026,2026-05-03,00:30,Athletico-PR,Gremio,0.0,0.0,D,,,0.0,True,,,,,,,,,,,,,1.72,3.36,4.98,,,,,,,
BRA,Serie A,Brazil,2026,2026-05-03,01:00,Cruzeiro,Atletico-MG,1.0,3.0,A,,,4.0,False,,,,,,,,,,,,,1.82,3.29,4.45,,,,,,,
BRA,Serie A,Brazil,2026,2026-05-03,20:00,Flamengo RJ,Vasco,2.0,2.0,D,,,4.0,False,,,,,,,,,,,,,1.43,4.22,7.05,,,,,,,
BRA,Serie A,Brazil,2026,2026-05-03,20:00,Sao Paulo,Bahia,2.0,2.0,D,,,4.0,False,,,,,,,,,,,,,1.98,3.38,3.6,,,,,,,
BRA,Serie A,Brazil,2026,2026-05-03,22:30,Chapecoense-SC,Bragantino,1.0,2.0,A,,,3.0,False,,,,,,,,,,,,,4.04,3.36,1.87,,,,,,,
BRA,Serie A,Brazil,2026,2026-05-03,22:30,Internacional,Fluminense,2.0,0.0,H,,,2.0,False,,,,,,,,,,,,,2.17,3.16,3.32,,,,,,,
BRA,Serie A,Brazil,2026,2026-05-04,00:30,Mirassol,Corinthians,2.0,1.0,H,,,3.0,False,,,,,,,,,,,,,2.56,2.91,2.88,,,,,,,
BRA,Serie A,Brazil,2026,2026-05-09,20:00,Coritiba,Internacional,2.0,2.0,D,,,4.0,False,,,,,,,,,,,,,2.66,3.06,2.66,,,,,,,
BRA,Serie A,Brazil,2026,2026-05-09,22:00,Fluminense,Vitoria,2.0,2.0,D,,,4.0,False,,,,,,,,,,,,,1.49,4.1,6.22,,,,,,,
BRA,Serie A,Brazil,2026,2026-05-10,01:00,Bahia,Cruzeiro,1.0,2.0,A,,,3.0,False,,,,,,,,,,,,,1.93,3.45,3.69,,,,,,,
BRA,Serie A,Brazil,2026,2026-05-10,20:00,Atletico-MG,Botafogo RJ,1.0,1.0,D,,,2.0,False,,,,,,,,,,,,,2.15,3.29,3.22,,,,,,,
BRA,Serie A,Brazil,2026,2026-05-10,20:00,Remo,Palmeiras,1.0,1.0,D,,,2.0,False,,,,,,,,,,,,,3.9,3.38,1.9,,,,,,,
BRA,Serie A,Brazil,2026,2026-05-10,22:30,Corinthians,Sao Paulo,3.0,2.0,H,,,5.0,False,,,,,,,,,,,,,2.04,3.08,3.8,,,,,,,
BRA,Serie A,Brazil,2026,2026-05-10,22:30,Mirassol,Chapecoense-SC,1.0,1.0,D,,,2.0,False,,,,,,,,,,,,,1.44,4.25,6.83,,,,,,,
BRA,Serie A,Brazil,2026,2026-05-10,22:30,Santos,Bragantino,2.0,0.0,H,,,2.0,False,,,,,,,,,,,,,2.11,3.3,3.32,,,,,,,
BRA,Serie A,Brazil,2026,2026-05-10,23:30,Gremio,Flamengo RJ,0.0,1.0,A,,,1.0,False,,,,,,,,,,,,,3.9,3.3,1.91,,,,,,,
BRA,Serie A,Brazil,2026,2026-05-11,00:30,Vasco,Athletico-PR,1.0,0.0,H,,,1.0,False,,,,,,,,,,,,,1.79,3.34,4.48,,,,,,,
BRA,Serie A,Brazil,2026,2026-05-16,22:30,Atletico-MG,Mirassol,3.0,1.0,H,,,4.0,False,,,,,,,,,,,,,1.95,3.28,3.83,,,,,,,
BRA,Serie A,Brazil,2026,2026-05-16,22:30,Internacional,Vasco,4.0,1.0,H,,,5.0,False,,,,,,,,,,,,,1.91,3.27,4.01,,,,,,,
BRA,Serie A,Brazil,2026,2026-05-16,23:00,Fluminense,Sao Paulo,2.0,1.0,H,,,3.0,False,,,,,,,,,,,,,1.7,3.62,4.67,,,,,,,
BRA,Serie A,Brazil,2026,2026-05-17,01:00,Palmeiras,Cruzeiro,1.0,1.0,D,,,2.0,False,,,,,,,,,,,,,1.88,3.33,3.98,,,,,,,
BRA,Serie A,Brazil,2026,2026-05-17,15:00,Santos,Coritiba,0.0,3.0,A,,,3.0,False,,,,,,,,,,,,,1.55,3.85,5.79,,,,,,,
BRA,Serie A,Brazil,2026,2026-05-17,20:00,Bahia,Gremio,1.0,1.0,D,,,2.0,False,,,,,,,,,,,,,1.64,3.85,4.78,,,,,,,
BRA,Serie A,Brazil,2026,2026-05-17,20:00,Botafogo RJ,Corinthians,3.0,1.0,H,,,4.0,False,,,,,,,,,,,,,2.59,3.07,2.74,,,,,,,
BRA,Serie A,Brazil,2026,2026-05-17,22:30,Bragantino,Vitoria,2.0,0.0,H,,,2.0,False,,,,,,,,,,,,,1.54,4.01,5.6,,,,,,,
BRA,Serie A,Brazil,2026,2026-05-17,22:30,Chapecoense-SC,Remo,2.0,3.0,A,,,5.0,False,,,,,,,,,,,,,2.46,3.21,2.76,,,,,,,
BRA,Serie A,Brazil,2026,2026-05-17,23:30,Athletico-PR,Flamengo RJ,1.0,1.0,D,,,2.0,False,,,,,,,,,,,,,3.5,3.17,2.08,,,,,,,
BRA,Serie A,Brazil,2026,2026-05-23,21:00,Sao Paulo,Botafogo RJ,1.0,1.0,D,,,2.0,False,,,,,,,,,,,,,1.69,3.71,4.59,,,,,,,
BRA,Serie A,Brazil,2026,2026-05-23,21:00,Vitoria,Internacional,2.0,0.0,H,,,2.0,False,,,,,,,,,,,,,2.79,3.1,2.52,,,,,,,
BRA,Serie A,Brazil,2026,2026-05-23,23:00,Gremio,Santos,3.0,2.0,H,,,5.0,False,,,,,,,,,,,,,2.14,3.21,3.35,,,,,,,
BRA,Serie A,Brazil,2026,2026-05-23,23:00,Mirassol,Fluminense,1.0,0.0,H,,,1.0,False,,,,,,,,,,,,,2.55,2.98,2.85,,,,,,,
BRA,Serie A,Brazil,2026,2026-05-24,01:00,Flamengo RJ,Palmeiras,0.0,3.0,A,,,3.0,False,,,,,,,,,,,,,1.73,3.43,4.77,,,,,,,
BRA,Serie A,Brazil,2026,2026-05-24,20:00,Cruzeiro,Chapecoense-SC,2.0,1.0,H,,,3.0,False,,,,,,,,,,,,,1.27,5.41,9.47,,,,,,,
BRA,Serie A,Brazil,2026,2026-05-24,20:00,Remo,Athletico-PR,1.0,2.0,A,,,3.0,False,,,,,,,,,,,,,2.16,3.18,3.31,,,,,,,
BRA,Serie A,Brazil,2026,2026-05-24,22:30,Corinthians,Atletico-MG,1.0,0.0,H,,,1.0,False,,,,,,,,,,,,,1.8,3.22,4.71,,,,,,,
BRA,Serie A,Brazil,2026,2026-05-25,00:30,Vasco,Bragantino,0.0,3.0,A,,,3.0,False,,,,,,,,,,,,,2.05,3.33,3.45,,,,,,,
BRA,Serie A,Brazil,2026,2026-05-26,00:00,Coritiba,Bahia,3.0,2.0,H,,,5.0,False,,,,,,,,,,,,,2.51,3.23,2.69,,,,,,,
BRA,Serie A,Brazil,2026,2026-05-30,20:00,Athletico-PR,Mirassol,1.0,0.0,H,,,1.0,False,,,,,,,,,,,,,1.88,3.21,4.28,,,,,,,
BRA,Serie A,Brazil,2026,2026-05-30,20:00,Flamengo RJ,Coritiba,3.0,0.0,H,,,3.0,False,,,,,,,,,,,,,1.32,5.08,8.16,,,,,,,
BRA,Serie A,Brazil,2026,2026-05-30,21:30,Bahia,Botafogo RJ,2.0,1.0,H,,,3.0,False,,,,,,,,,,,,,1.95,3.63,3.43,,,,,,,
BRA,Serie A,Brazil,2026,2026-05-30,21:30,Gremio,Corinthians,1.0,3.0,A,,,4.0,False,,,,,,,,,,,,,2.99,3.08,2.38,,,,,,,
BRA,Serie A,Brazil,2026,2026-05-31,00:00,Santos,Vitoria,3.0,1.0,H,,,4.0,False,,,,,,,,,,,,,1.64,3.67,5.11,,,,,,,
BRA,Serie A,Brazil,2026,2026-05-31,15:00,Bragantino,Internacional,3.0,1.0,H,,,4.0,False,,,,,,,,,,,,,1.98,3.41,3.54,,,,,,,
BRA,Serie A,Brazil,2026,2026-05-31,20:00,Palmeiras,Chapecoense-SC,1.0,0.0,H,,,1.0,False,,,,,,,,,,,,,1.37,4.63,7.74,,,,,,,
BRA,Serie A,Brazil,2026,2026-05-31,20:00,Vasco,Atletico-MG,0.0,1.0,A,,,1.0,False,,,,,,,,,,,,,1.9,3.4,3.87,,,,,,,
BRA,Serie A,Brazil,2026,2026-06-01,00:30,Cruzeiro,Fluminense,1.0,1.0,D,,,2.0,False,,,,,,,,,,,,,1.87,3.26,4.21,,,,,,,
BRA,Serie A,Brazil,2026,2026-06-01,00:30,Remo,Sao Paulo,1.0,0.0,H,,,1.0,False,,,,,,,,,,,,,2.95,3.17,2.35,,,,,,,
BRA,Serie A,Brazil,2026,2026-07-16,23:30,Botafogo RJ,Santos,2.0,1.0,H,,,3.0,False,,,,,,,,,,,,,2.17,3.33,3.15,,,,,,,
BRA,Serie A,Brazil,2026,2026-07-16,23:30,Vitoria,Vasco,1.0,0.0,H,,,1.0,False,,,,,,,,,,,,,2.46,3.19,2.79,,,,,,,
BRA,Serie A,Brazil,2026,2026-07-17,23:30,Bahia,Chapecoense-SC,2.0,0.0,H,,,2.0,False,,,,,,,,,,,,,1.38,4.7,7.07,,,,,,,
BRA,Serie A,Brazil,2026,2026-07-18,00:00,Fluminense,Bragantino,1.0,1.0,D,,,2.0,False,,,,,,,,,,,,,1.8,3.42,4.24,,,,,,,
BRA,Serie A,Brazil,2026,2026-07-18,00:00,Mirassol,Gremio,2.0,1.0,H,,,3.0,False,,,,,,,,,,,,,1.89,3.27,4.05,,,,,,,
BRA,Serie A,Brazil,2026,2026-07-21,23:30,Atletico-MG,Bahia,1.0,1.0,D,,,2.0,False,,,,,,,,,,,,,1.82,3.51,4.0,,,,,,,
BRA,Serie A,Brazil,2026,2026-07-22,23:30,Coritiba,Palmeiras,1.0,3.0,A,,,4.0,False,,,,,,,,,,,,,3.96,3.14,1.96,,,,,,,
BRA,Serie A,Brazil,2026,2026-07-23,01:30,Chapecoense-SC,Flamengo RJ,0.0,4.0,A,,,4.0,False,,,,,,,,,,,,,8.15,4.6,1.35,,,,,,,
BRA,Serie A,Brazil,2026,2026-07-23,01:30,Internacional,Cruzeiro,1.0,2.0,A,,,3.0,False,,,,,,,,,,,,,2.33,3.26,2.89,,,,,,,
BRA,Serie A,Brazil,2026,2026-07-23,01:30,Sao Paulo,Athletico-PR,1.0,2.0,A,,,3.0,False,,,,,,,,,,,,,1.98,3.15,3.87,,,,,,,
BRA,Serie A,Brazil,2026,2026-07-23,23:30,Botafogo RJ,Vitoria,0.0,0.0,D,,,0.0,True,,,,,,,,,,,,,1.72,3.66,4.39,,,,,,,
BRA,Serie A,Brazil,2026,2026-07-23,23:30,Corinthians,Remo,3.0,0.0,H,,,3.0,False,,,,,,,,,,,,,1.48,4.05,6.5,,,,,,,
BRA,Serie A,Brazil,2026,2026-07-25,22:30,Athletico-PR,Internacional,2.0,0.0,H,,,2.0,False,,,,,,,,,,,,,1.94,3.22,3.89,,,,,,,
BRA,Serie A,Brazil,2026,2026-07-25,22:30,Santos,Chapecoense-SC,2.0,2.0,D,,,4.0,False,,,,,,,,,,,,,1.32,4.91,8.39,,,,,,,
BRA,Serie A,Brazil,2026,2026-07-26,00:30,Vasco,Mirassol,1.0,1.0,D,,,2.0,False,,,,,,,,,,,,,1.98,3.28,3.68,,,,,,,
BRA,Serie A,Brazil,2026,2026-07-26,20:00,Bahia,Corinthians,1.0,1.0,D,,,2.0,False,,,,,,,,,,,,,2.3,3.13,3.05,,,,,,,
BRA,Serie A,Brazil,2026,2026-07-26,20:00,Cruzeiro,Botafogo RJ,0.0,1.0,A,,,1.0,False,,,,,,,,,,,,,1.72,3.77,4.27,,,,,,,
BRA,Serie A,Brazil,2026,2026-07-26,22:30,Bragantino,Coritiba,0.0,0.0,D,,,0.0,True,,,,,,,,,,,,,1.56,3.87,5.65,,,,,,,
BRA,Serie A,Brazil,2026,2026-07-26,22:30,Flamengo RJ,Sao Paulo,1.0,1.0,D,,,2.0,False,,,,,,,,,,,,,1.41,4.32,7.26,,,,,,,
BRA,Serie A,Brazil,2026,2026-07-26,22:30,Gremio,Fluminense,1.0,1.0,D,,,2.0,False,,,,,,,,,,,,,3.35,3.18,2.14,,,,,,,
BRA,Serie A,Brazil,2026,2026-07-26,23:30,Palmeiras,Atletico-MG,1.0,2.0,A,,,3.0,False,,,,,,,,,,,,,1.57,3.71,5.78,,,,,,,
BRA,Serie A,Brazil,2026,2026-07-26,23:30,Remo,Vitoria,2.0,0.0,H,,,2.0,False,,,,,,,,,,,,,2.31,3.23,2.92,,,,,,,
BRA,Serie A,Brazil,2026,2026-07-29,23:30,Internacional,Flamengo RJ,1.0,1.0,D,,,2.0,False,,,,,,,,,,,,,3.43,3.35,2.03,,,,,,,
BRA,Serie A,Brazil,2026,2026-07-29,23:30,Mirassol,Remo,2.0,1.0,H,,,3.0,False,,,,,,,,,,,,,1.71,3.66,4.57,,,,,,,
BRA,Serie A,Brazil,2026,2026-07-30,01:30,Fluminense,Bahia,0.0,0.0,D,,,0.0,True,,,,,,,,,,,,,1.67,3.68,4.8,,,,,,,
BRA,Serie A,Brazil,2026,2026-07-30,01:30,Vitoria,Palmeiras,0.0,4.0,A,,,4.0,False,,,,,,,,,,,,,3.99,3.09,1.96,,,,,,,
BRA,Serie A,Brazil,2026,2026-07-30,23:30,Corinthians,Athletico-PR,0.0,0.0,D,,,0.0,True,,,,,,,,,,,,,2.21,2.94,3.45,,,,,,,
BRA,Serie A,Brazil,2026,2026-07-31,01:30,Coritiba,Cruzeiro,0.0,1.0,A,,,1.0,False,,,,,,,,,,,,,3.19,3.1,2.25,,,,,,,
BRA,Serie A,Brazil,2026,2026-08-08,20:00,Gremio,Sao Paulo,2.0,1.0,H,,,3.0,False,,,,,,,,,,,,,2.29,3.06,3.22,,,,,,,
BRA,Serie A,Brazil,2026,2026-08-08,22:30,Remo,Atletico-MG,2.0,2.0,D,,,4.0,False,,,,,,,,,,,,,2.69,3.06,2.67,,,,,,,
BRA,Serie A,Brazil,2026,2026-08-09,00:30,Coritiba,Chapecoense-SC,2.0,1.0,H,,,3.0,False,,,,,,,,,,,,,1.64,3.67,5.27,,,,,,,
BRA,Serie A,Brazil,2026,2026-08-09,01:00,Botafogo RJ,Fluminense,1.0,1.0,D,,,2.0,False,,,,,,,,,,,,,2.26,3.13,3.21,,,,,,,
BRA,Serie A,Brazil,2026,2026-08-09,15:00,Cruzeiro,Mirassol,3.0,1.0,H,,,4.0,False,,,,,,,,,,,,,1.65,3.58,5.25,,,,,,,
BRA,Serie A,Brazil,2026,2026-08-09,20:00,Bahia,Vasco,0.0,0.0,D,,,0.0,True,,,,,,,,,,,,,1.99,3.44,3.55,,,,,,,
BRA,Serie A,Brazil,2026,2026-08-09,20:00,Palmeiras,Internacional,0.0,0.0,D,,,0.0,True,,,,,,,,,,,,,1.56,4.04,5.41,,,,,,,
BRA,Serie A,Brazil,2026,2026-08-09,22:30,Bragantino,Corinthians,0.0,2.0,A,,,2.0,False,,,,,,,,,,,,,2.22,3.0,3.44,,,,,,,
BRA,Serie A,Brazil,2026,2026-08-09,22:30,Santos,Athletico-PR,0.0,2.0,A,,,2.0,False,,,,,,,,,,,,,2.06,3.24,3.55,,,,,,,
BRA,Serie A,Brazil,2026,2026-08-09,23:30,Flamengo RJ,Vitoria,2.0,0.0,H,,,2.0,False,,,,,,,,,,,,,1.23,5.76,11.23,,,,,,,
BRA,Serie A,Brazil,2026,2026-08-15,20:30,Fluminense,Palmeiras,3.0,2.0,H,,,5.0,False,,,,,,,,,,,,,2.95,3.09,2.43,,,,,,,
BRA,Serie A,Brazil,2026,2026-08-15,22:30,Athletico-PR,Bragantino,1.0,1.0,D,,,2.0,False,,,,,,,,,,,,,2.0,3.23,3.78,,,,,,,
BRA,Serie A,Brazil,2026,2026-08-16,01:00,Sao Paulo,Coritiba,1.0,1.0,D,,,2.0,False,,,,,,,,,,,,,1.68,3.43,5.34,,,,,,,
BRA,Serie A,Brazil,2026,2026-08-16,15:00,Chapecoense-SC,Bahia,3.0,3.0,D,,,6.0,False,,,,,,,,,,,,,3.36,3.31,2.11,,,,,,,
BRA,Serie A,Brazil,2026,2026-08-16,20:00,Atletico-MG,Gremio,3.0,0.0,H,,,3.0,False,,,,,,,,,,,,,1.73,3.53,4.76,,,,,,,
BRA,Serie A,Brazil,2026,2026-08-16,20:00,Vasco,Santos,0.0,3.0,A,,,3.0,False,,,,,,,,,,,,,1.91,3.4,3.97,,,,,,,
BRA,Serie A,Brazil,2026,2026-08-16,22:30,Mirassol,Flamengo RJ,1.0,5.0,A,,,6.0,False,,,,,,,,,,,,,4.25,3.49,1.81,,,,,,,
BRA,Serie A,Brazil,2026,2026-08-16,22:30,Vitoria,Botafogo RJ,1.0,0.0,H,,,1.0,False,,,,,,,,,,,,,2.22,3.27,3.16,,,,,,,
BRA,Serie A,Brazil,2026,2026-08-16,23:30,Corinthians,Cruzeiro,1.0,2.0,A,,,3.0,False,,,,,,,,,,,,,1.93,3.15,4.23,,,,,,,
BRA,Serie A,Brazil,2026,2026-08-18,00:00,Internacional,Remo,1.0,1.0,D,,,2.0,False,,,,,,,,,,,,,1.45,4.24,6.6,,,,,,,
BRA,Serie A,Brazil,2026,2026-08-22,20:00,Fluminense,Remo,2.0,1.0,H,,,3.0,False,,,,,,,,,,,,,1.48,3.96,6.93,,,,,,,
BRA,Serie A,Brazil,2026,2026-08-22,22:30,Internacional,Atletico-MG,0.0,0.0,D,,,0.0,True,,,,,,,,,,,,,1.78,3.45,4.51,,,,,,,
BRA,Serie A,Brazil,2026,2026-08-23,00:30,Cruzeiro,Flamengo RJ,2.0,1.0,H,,,3.0,False,,,,,,,,,,,,,3.48,3.36,2.05,,,,,,,
BRA,Serie A,Brazil,2026,2026-08-23,20:00,Bragantino,Gremio,1.0,0.0,H,,,1.0,False,,,,,,,,,,,,,1.57,3.89,5.47,,,,,,,
BRA,Serie A,Brazil,2026,2026-08-23,20:00,Palmeiras,Vasco,4.0,1.0,H,,,5.0,False,,,,,,,,,,,,,1.6,3.78,5.43,,,,,,,
BRA,Serie A,Brazil,2026,2026-08-23,20:00,Vitoria,Bahia,0.0,2.0,A,,,2.0,False,,,,,,,,,,,,,2.67,3.09,2.65,,,,,,,
BRA,Serie A,Brazil,2026,2026-08-23,22:30,Chapecoense-SC,Sao Paulo,1.0,0.0,H,,,1.0,False,,,,,,,,,,,,,3.94,3.23,1.96,,,,,,,
BRA,Serie A,Brazil,2026,2026-08-23,22:30,Santos,Mirassol,1.0,1.0,D,,,2.0,False,,,,,,,,,,,,,1.73,3.63,4.46,,,,,,,
BRA,Serie A,Brazil,2026,2026-08-23,23:30,Coritiba,Corinthians,2.0,1.0,H,,,3.0,False,,,,,,,,,,,,,2.84,2.87,2.68,,,,,,,
BRA,Serie A,Brazil,2026,2026-08-25,00:00,Botafogo RJ,Athletico-PR,2.0,3.0,A,,,5.0,False,,,,,,,,,,,,,2.34,3.22,2.95,,,,,,,
BRA,Serie A,Brazil,2026,2026-08-29,22:30,Atletico-MG,Vitoria,2.0,1.0,H,,,3.0,False,,,,,,,,,,,,,1.88,3.31,4.19,,,,,,,
BRA,Serie A,Brazil,2026,2026-08-30,00:00,Sao Paulo,Bragantino,2.0,1.0,H,,,3.0,False,,,,,,,,,,,,,2.44,3.11,2.94,,,,,,,
BRA,Serie A,Brazil,2026,2026-08-30,01:20,Vasco,Cruzeiro,3.0,1.0,H,,,4.0,False,,,,,,,,,,,,,1.94,3.4,3.78,,,,,,,
BRA,Serie A,Brazil,2026,2026-08-30,15:00,Athletico-PR,Fluminense,3.0,3.0,D,,,6.0,False,,,,,,,,,,,,,2.33,3.05,3.16,,,,,,,
BRA,Serie A,Brazil,2026,2026-08-30,20:00,Corinthians,Santos,0.0,1.0,A,,,1.0,False,,,,,,,,,,,,,1.87,3.28,4.31,,,,,,,
BRA,Serie A,Brazil,2026,2026-08-30,20:00,Flamengo RJ,Botafogo RJ,3.0,0.0,H,,,3.0,False,,,,,,,,,,,,,1.28,5.55,9.37,,,,,,,
BRA,Serie A,Brazil,2026,2026-08-30,22:30,Gremio,Chapecoense-SC,3.0,1.0,H,,,4.0,False,,,,,,,,,,,,,1.52,4.01,6.05,,,,,,,
BRA,Serie A,Brazil,2026,2026-08-30,22:30,Mirassol,Palmeiras,1.0,1.0,D,,,2.0,False,,,,,,,,,,,,,3.42,3.3,2.1,,,,,,,
BRA,Serie A,Brazil,2026,2026-08-30,23:30,Bahia,Internacional,3.0,2.0,H,,,5.0,False,,,,,,,,,,,,,1.78,3.58,4.28,,,,,,,
BRA,Serie A,Brazil,2026,2026-09-01,00:00,Remo,Coritiba,2.0,3.0,A,,,5.0,False,,,,,,,,,,,,,2.04,3.2,3.7,,,,,,,
MEX,Liga MX,Mexico,2026/2027,2026-07-17,02:00,Necaxa,Atlante,2.0,1.0,H,,,3.0,False,,,,,,,,,,,,,1.85,3.54,3.7,,,,,,,
MEX,Liga MX,Mexico,2026/2027,2026-07-17,04:10,Club Tijuana,Tigres UANL,3.0,1.0,H,,,4.0,False,,,,,,,,,,,,,3.37,3.32,2.01,,,,,,,
MEX,Liga MX,Mexico,2026/2027,2026-07-18,02:00,Atl. San Luis,Cruz Azul,2.0,3.0,A,,,5.0,False,,,,,,,,,,,,,4.61,3.77,1.63,,,,,,,
MEX,Liga MX,Mexico,2026/2027,2026-07-18,02:00,Club Leon,Atlas,2.0,3.0,A,,,5.0,False,,,,,,,,,,,,,2.09,3.31,3.14,,,,,,,
MEX,Liga MX,Mexico,2026/2027,2026-07-18,04:00,Juarez,Puebla,0.0,1.0,A,,,1.0,False,,,,,,,,,,,,,1.65,3.82,4.46,,,,,,,
MEX,Liga MX,Mexico,2026/2027,2026-07-19,00:00,UNAM Pumas,Pachuca,0.0,3.0,A,,,3.0,False,,,,,,,,,,,,,2.45,3.27,2.64,,,,,,,
MEX,Liga MX,Mexico,2026/2027,2026-07-19,02:05,Monterrey,Santos Laguna,3.0,2.0,H,,,5.0,False,,,,,,,,,,,,,1.44,4.47,5.69,,,,,,,
MEX,Liga MX,Mexico,2026/2027,2026-07-19,02:07,Guadalajara Chivas,Toluca,0.0,2.0,A,,,2.0,False,,,,,,,,,,,,,1.91,3.55,3.45,,,,,,,
MEX,Liga MX,Mexico,2026/2027,2026-07-19,04:10,Queretaro,Club America,0.0,1.0,A,,,1.0,False,,,,,,,,,,,,,3.55,3.53,1.89,,,,,,,
MEX,Liga MX,Mexico,2026/2027,2026-07-22,02:00,Cruz Azul,Puebla,2.0,1.0,H,,,3.0,False,,,,,,,,,,,,,1.31,4.99,7.74,,,,,,,
MEX,Liga MX,Mexico,2026/2027,2026-07-22,04:05,Toluca,UNAM Pumas,1.0,2.0,A,,,3.0,False,,,,,,,,,,,,,1.53,4.09,5.09,,,,,,,
MEX,Liga MX,Mexico,2026/2027,2026-07-25,04:00,Atlante,Club America,1.0,1.0,D,,,2.0,False,,,,,,,,,,,,,5.63,4.01,1.49,,,,,,,
MEX,Liga MX,Mexico,2026/2027,2026-07-25,04:00,Club Tijuana,Club Leon,1.0,0.0,H,,,1.0,False,,,,,,,,,,,,,1.86,3.51,3.69,,,,,,,
MEX,Liga MX,Mexico,2026/2027,2026-07-26,00:07,Guadalajara Chivas,Juarez,1.0,0.0,H,,,1.0,False,,,,,,,,,,,,,1.35,4.79,6.91,,,,,,,
MEX,Liga MX,Mexico,2026/2027,2026-07-26,04:00,Santos Laguna,Atlas,0.0,1.0,A,,,1.0,False,,,,,,,,,,,,,2.67,3.2,2.44,,,,,,,
MEX,Liga MX,Mexico,2026/2027,2026-07-26,04:00,Tigres UANL,Atl. San Luis,2.0,2.0,D,,,4.0,False,,,,,,,,,,,,,1.45,4.22,6.0,,,,,,,
MEX,Liga MX,Mexico,2026/2027,2026-07-27,00:00,Necaxa,Monterrey,2.0,1.0,H,,,3.0,False,,,,,,,,,,,,,3.31,3.57,1.95,,,,,,,
MEX,Liga MX,Mexico,2026/2027,2026-07-27,02:06,Pachuca,Queretaro,1.0,2.0,A,,,3.0,False,,,,,,,,,,,,,1.62,3.74,4.8,,,,,,,
MEX,Liga MX,Mexico,2026/2027,2026-08-01,02:00,Puebla,Guadalajara Chivas,1.0,1.0,D,,,2.0,False,,,,,,,,,,,,,5.61,4.28,1.47,,,,,,,
MEX,Liga MX,Mexico,2026/2027,2026-08-01,04:00,Atl. San Luis,Club Tijuana,0.0,0.0,D,,,0.0,True,,,,,,,,,,,,,2.2,3.3,2.97,,,,,,,
MEX,Liga MX,Mexico,2026/2027,2026-08-01,04:00,Juarez,UNAM Pumas,1.0,5.0,A,,,6.0,False,,,,,,,,,,,,,2.54,3.35,2.49,,,,,,,
MEX,Liga MX,Mexico,2026/2027,2026-08-02,00:00,Queretaro,Tigres UANL,3.0,2.0,H,,,5.0,False,,,,,,,,,,,,,3.0,3.32,2.18,,,,,,,
MEX,Liga MX,Mexico,2026/2027,2026-08-02,02:00,Club Leon,Pachuca,1.0,0.0,H,,,1.0,False,,,,,,,,,,,,,2.87,3.26,2.26,,,,,,,
MEX,Liga MX,Mexico,2026/2027,2026-08-02,02:05,Atlas,Monterrey,0.0,2.0,A,,,2.0,False,,,,,,,,,,,,,2.53,3.28,2.55,,,,,,,
MEX,Liga MX,Mexico,2026/2027,2026-08-02,04:05,Cruz Azul,Atlante,2.0,3.0,A,,,5.0,False,,,,,,,,,,,,,1.35,4.62,7.52,,,,,,,
MEX,Liga MX,Mexico,2026/2027,2026-08-03,00:00,Club America,Santos Laguna,3.0,0.0,H,,,3.0,False,,,,,,,,,,,,,1.34,4.86,6.99,,,,,,,
MEX,Liga MX,Mexico,2026/2027,2026-08-03,02:10,Toluca,Necaxa,3.0,1.0,H,,,4.0,False,,,,,,,,,,,,,1.44,4.43,5.73,,,,,,,
MEX,Liga MX,Mexico,2026/2027,2026-08-16,00:00,Atlante,Toluca,0.0,0.0,D,,,0.0,True,,,,,,,,,,,,,5.01,3.94,1.57,,,,,,,
MEX,Liga MX,Mexico,2026/2027,2026-08-16,02:10,Monterrey,Juarez,6.0,1.0,H,,,7.0,False,,,,,,,,,,,,,1.45,4.49,5.64,,,,,,,
MEX,Liga MX,Mexico,2026/2027,2026-08-16,04:10,Atlas,Tigres UANL,2.0,1.0,H,,,3.0,False,,,,,,,,,,,,,3.09,3.12,2.25,,,,,,,
MEX,Liga MX,Mexico,2026/2027,2026-08-16,19:00,UNAM Pumas,Queretaro,0.0,0.0,D,,,0.0,True,,,,,,,,,,,,,1.86,3.54,3.73,,,,,,,
MEX,Liga MX,Mexico,2026/2027,2026-08-17,00:00,Club America,Atl. San Luis,3.0,0.0,H,,,3.0,False,,,,,,,,,,,,,1.89,3.45,3.74,,,,,,,
MEX,Liga MX,Mexico,2026/2027,2026-08-17,02:10,Santos Laguna,Guadalajara Chivas,0.0,1.0,A,,,1.0,False,,,,,,,,,,,,,5.1,4.3,1.52,,,,,,,
MEX,Liga MX,Mexico,2026/2027,2026-08-17,04:00,Club Tijuana,Cruz Azul,2.0,1.0,H,,,3.0,False,,,,,,,,,,,,,2.73,3.28,2.39,,,,,,,
MEX,Liga MX,Mexico,2026/2027,2026-08-18,02:00,Necaxa,Club Leon,1.0,2.0,A,,,3.0,False,,,,,,,,,,,,,2.68,3.3,2.42,,,,,,,
MEX,Liga MX,Mexico,2026/2027,2026-08-18,04:06,Pachuca,Puebla,2.0,3.0,A,,,5.0,False,,,,,,,,,,,,,1.59,3.88,5.0,,,,,,,
MEX,Liga MX,Mexico,2026/2027,2026-08-22,02:00,Club Leon,Monterrey,2.0,0.0,H,,,2.0,False,,,,,,,,,,,,,3.03,3.51,2.14,,,,,,,
MEX,Liga MX,Mexico,2026/2027,2026-08-22,02:00,Tigres UANL,Atlante,2.0,0.0,H,,,2.0,False,,,,,,,,,,,,,1.53,4.17,5.22,,,,,,,
MEX,Liga MX,Mexico,2026/2027,2026-08-22,04:10,Juarez,Club America,1.0,2.0,A,,,3.0,False,,,,,,,,,,,,,4.97,3.82,1.62,,,,,,,
MEX,Liga MX,Mexico,2026/2027,2026-08-22,04:10,Queretaro,Toluca,1.0,2.0,A,,,3.0,False,,,,,,,,,,,,,3.58,3.63,1.89,,,,,,,
MEX,Liga MX,Mexico,2026/2027,2026-08-23,00:07,Guadalajara Chivas,Club Tijuana,5.0,2.0,H,,,7.0,False,,,,,,,,,,,,,1.42,4.51,6.19,,,,,,,
MEX,Liga MX,Mexico,2026/2027,2026-08-23,02:00,Puebla,Santos Laguna,3.0,2.0,H,,,5.0,False,,,,,,,,,,,,,2.08,3.53,3.12,,,,,,,
MEX,Liga MX,Mexico,2026/2027,2026-08-23,04:00,Cruz Azul,Atlas,0.0,2.0,A,,,2.0,False,,,,,,,,,,,,,1.58,3.92,5.17,,,,,,,
MEX,Liga MX,Mexico,2026/2027,2026-08-24,00:00,Atl. San Luis,Pachuca,1.0,1.0,D,,,2.0,False,,,,,,,,,,,,,3.09,3.48,2.12,,,,,,,
MEX,Liga MX,Mexico,2026/2027,2026-08-24,02:00,UNAM Pumas,Necaxa,1.0,1.0,D,,,2.0,False,,,,,,,,,,,,,1.88,3.59,3.65,,,,,,,
MEX,Liga MX,Mexico,2026/2027,2026-08-29,02:00,Atlante,Club Leon,1.0,1.0,D,,,2.0,False,,,,,,,,,,,,,2.51,3.52,2.49,,,,,,,
MEX,Liga MX,Mexico,2026/2027,2026-08-29,02:00,Necaxa,Cruz Azul,1.0,3.0,A,,,4.0,False,,,,,,,,,,,,,3.48,3.59,1.93,,,,,,,
MEX,Liga MX,Mexico,2026/2027,2026-08-29,04:10,Club Tijuana,UNAM Pumas,2.0,0.0,H,,,2.0,False,,,,,,,,,,,,,1.98,3.42,3.47,,,,,,,
MEX,Liga MX,Mexico,2026/2027,2026-08-30,00:00,Atlas,Queretaro,1.0,3.0,A,,,4.0,False,,,,,,,,,,,,,2.06,3.28,3.39,,,,,,,
MEX,Liga MX,Mexico,2026/2027,2026-08-30,00:00,Pachuca,Guadalajara Chivas,1.0,1.0,D,,,2.0,False,,,,,,,,,,,,,3.03,3.53,2.13,,,,,,,
MEX,Liga MX,Mexico,2026/2027,2026-08-30,02:05,Club America,Puebla,2.0,0.0,H,,,2.0,False,,,,,,,,,,,,,1.69,3.82,4.34,,,,,,,
MEX,Liga MX,Mexico,2026/2027,2026-08-30,04:10,Santos Laguna,Tigres UANL,0.0,0.0,D,,,0.0,True,,,,,,,,,,,,,4.18,3.77,1.72,,,,,,,
MEX,Liga MX,Mexico,2026/2027,2026-08-31,01:00,Toluca,Juarez,4.0,0.0,H,,,4.0,False,,,,,,,,,,,,,1.33,5.03,7.64,,,,,,,
MEX,Liga MX,Mexico,2026/2027,2026-08-31,03:10,Monterrey,Atl. San Luis,1.0,3.0,A,,,4.0,False,,,,,,,,,,,,,1.82,3.72,3.79,,,,,,,
NOR,Eliteserien,Norway,2026,2026-03-14,15:00,HamKam,Viking,2.0,1.0,H,,,3.0,False,,,,,,,,,,,,,4.58,3.73,1.67,,,,,,,
NOR,Eliteserien,Norway,2026,2026-03-14,17:00,Molde,Rosenborg,2.0,0.0,H,,,2.0,False,,,,,,,,,,,,,1.82,3.65,3.83,,,,,,,
NOR,Eliteserien,Norway,2026,2026-03-15,13:30,Kristiansund,Brann,3.0,2.0,H,,,5.0,False,,,,,,,,,,,,,5.36,4.1,1.53,,,,,,,
NOR,Eliteserien,Norway,2026,2026-03-15,16:00,Aalesund,Lillestrom,1.0,3.0,A,,,4.0,False,,,,,,,,,,,,,2.97,3.62,2.12,,,,,,,
NOR,Eliteserien,Norway,2026,2026-03-15,16:00,KFUM Oslo,Start,2.0,0.0,H,,,2.0,False,,,,,,,,,,,,,1.94,3.26,3.77,,,,,,,
NOR,Eliteserien,Norway,2026,2026-03-15,16:00,Valerenga,Sandefjord,1.0,0.0,H,,,1.0,False,,,,,,,,,,,,,1.88,3.79,3.46,,,,,,,
NOR,Eliteserien,Norway,2026,2026-03-15,18:15,Tromso,Fredrikstad,4.0,0.0,H,,,4.0,False,,,,,,,,,,,,,1.66,3.55,5.04,,,,,,,
NOR,Eliteserien,Norway,2026,2026-03-21,15:00,Start,Aalesund,1.0,1.0,D,,,2.0,False,,,,,,,,,,,,,2.23,3.33,2.98,,,,,,,
NOR,Eliteserien,Norway,2026,2026-03-21,17:00,Viking,Molde,4.0,1.0,H,,,5.0,False,,,,,,,,,,,,,1.65,3.79,4.69,,,,,,,
NOR,Eliteserien,Norway,2026,2026-03-22,13:30,Rosenborg,Valerenga,0.0,2.0,A,,,2.0,False,,,,,,,,,,,,,2.14,3.54,2.97,,,,,,,
NOR,Eliteserien,Norway,2026,2026-03-22,16:00,Brann,Tromso,1.0,2.0,A,,,3.0,False,,,,,,,,,,,,,1.88,3.44,3.79,,,,,,,
NOR,Eliteserien,Norway,2026,2026-03-22,16:00,Fredrikstad,KFUM Oslo,3.0,1.0,H,,,4.0,False,,,,,,,,,,,,,2.24,3.21,3.08,,,,,,,
NOR,Eliteserien,Norway,2026,2026-03-22,16:00,Sandefjord,Sarpsborg 08,0.0,2.0,A,,,2.0,False,,,,,,,,,,,,,2.02,3.83,3.02,,,,,,,
NOR,Eliteserien,Norway,2026,2026-04-06,13:30,Valerenga,Viking,0.0,1.0,A,,,1.0,False,,,,,,,,,,,,,2.83,3.68,2.15,,,,,,,
NOR,Eliteserien,Norway,2026,2026-04-06,16:00,HamKam,Brann,1.0,5.0,A,,,6.0,False,,,,,,,,,,,,,3.87,3.66,1.8,,,,,,,
NOR,Eliteserien,Norway,2026,2026-04-06,16:00,Kristiansund,Bodo/Glimt,0.0,3.0,A,,,3.0,False,,,,,,,,,,,,,9.78,6.59,1.2,,,,,,,
NOR,Eliteserien,Norway,2026,2026-04-06,16:00,Molde,Lillestrom,0.0,1.0,A,,,1.0,False,,,,,,,,,,,,,2.11,3.7,2.89,,,,,,,
NOR,Eliteserien,Norway,2026,2026-04-06,16:00,Sarpsborg 08,Start,1.0,1.0,D,,,2.0,False,,,,,,,,,,,,,1.74,3.78,3.97,,,,,,,
NOR,Eliteserien,Norway,2026,2026-04-06,18:15,Tromso,Rosenborg,2.0,0.0,H,,,2.0,False,,,,,,,,,,,,,1.55,3.83,5.41,,,,,,,
NOR,Eliteserien,Norway,2026,2026-04-07,18:00,Aalesund,Fredrikstad,2.0,3.0,A,,,5.0,False,,,,,,,,,,,,,2.35,3.49,2.69,,,,,,,
NOR,Eliteserien,Norway,2026,2026-04-07,18:00,KFUM Oslo,Sandefjord,1.0,2.0,A,,,3.0,False,,,,,,,,,,,,,2.16,3.42,3.04,,,,,,,
NOR,Eliteserien,Norway,2026,2026-04-11,13:00,Lillestrom,Start,3.0,1.0,H,,,4.0,False,,,,,,,,,,,,,1.41,4.68,5.99,,,,,,,
NOR,Eliteserien,Norway,2026,2026-04-11,15:00,Tromso,Kristiansund,2.0,0.0,H,,,2.0,False,,,,,,,,,,,,,1.25,5.4,9.69,,,,,,,
NOR,Eliteserien,Norway,2026,2026-04-11,17:00,Viking,Bodo/Glimt,5.0,0.0,H,,,5.0,False,,,,,,,,,,,,,2.95,3.96,2.01,,,,,,,
NOR,Eliteserien,Norway,2026,2026-04-12,13:30,Rosenborg,Sarpsborg 08,2.0,1.0,H,,,3.0,False,,,,,,,,,,,,,2.21,3.46,2.87,,,,,,,
NOR,Eliteserien,Norway,2026,2026-04-12,16:00,Aalesund,KFUM Oslo,2.0,2.0,D,,,4.0,False,,,,,,,,,,,,,2.51,3.35,2.55,,,,,,,
NOR,Eliteserien,Norway,2026,2026-04-12,16:00,Fredrikstad,Valerenga,1.0,1.0,D,,,2.0,False,,,,,,,,,,,,,2.56,3.47,2.43,,,,,,,
NOR,Eliteserien,Norway,2026,2026-04-12,16:00,Molde,HamKam,4.0,1.0,H,,,5.0,False,,,,,,,,,,,,,1.46,4.32,5.66,,,,,,,
NOR,Eliteserien,Norway,2026,2026-04-12,18:15,Brann,Sandefjord,0.0,1.0,A,,,1.0,False,,,,,,,,,,,,,1.52,4.17,5.21,,,,,,,
NOR,Eliteserien,Norway,2026,2026-04-15,18:00,Sarpsborg 08,Bodo/Glimt,1.0,1.0,D,,,2.0,False,,,,,,,,,,,,,5.65,4.95,1.42,,,,,,,
NOR,Eliteserien,Norway,2026,2026-04-15,18:00,Tromso,Lillestrom,0.0,0.0,D,,,0.0,True,,,,,,,,,,,,,1.8,3.67,3.9,,,,,,,
NOR,Eliteserien,Norway,2026,2026-04-18,13:00,Bodo/Glimt,Aalesund,3.0,0.0,H,,,3.0,False,,,,,,,,,,,,,1.11,8.6,15.03,,,,,,,
NOR,Eliteserien,Norway,2026,2026-04-18,15:00,Sandefjord,Rosenborg,0.0,0.0,D,,,0.0,True,,,,,,,,,,,,,1.98,3.59,3.25,,,,,,,
NOR,Eliteserien,Norway,2026,2026-04-18,17:00,Viking,Brann,3.0,2.0,H,,,5.0,False,,,,,,,,,,,,,1.69,4.01,4.01,,,,,,,
NOR,Eliteserien,Norway,2026,2026-04-19,13:30,Valerenga,Lillestrom,0.0,2.0,A,,,2.0,False,,,,,,,,,,,,,2.4,3.56,2.56,,,,,,,
NOR,Eliteserien,Norway,2026,2026-04-19,16:00,HamKam,KFUM Oslo,4.0,0.0,H,,,4.0,False,,,,,,,,,,,,,2.72,3.34,2.35,,,,,,,
NOR,Eliteserien,Norway,2026,2026-04-19,16:00,Kristiansund,Fredrikstad,2.0,0.0,H,,,2.0,False,,,,,,,,,,,,,2.87,3.5,2.19,,,,,,,
NOR,Eliteserien,Norway,2026,2026-04-19,16:00,Sarpsborg 08,Tromso,0.0,1.0,A,,,1.0,False,,,,,,,,,,,,,3.1,3.39,2.11,,,,,,,
NOR,Eliteserien,Norway,2026,2026-04-19,18:15,Start,Molde,1.0,1.0,D,,,2.0,False,,,,,,,,,,,,,3.39,3.56,1.95,,,,,,,
NOR,Eliteserien,Norway,2026,2026-04-25,15:00,Fredrikstad,Viking,1.0,2.0,A,,,3.0,False,,,,,,,,,,,,,4.61,4.0,1.6,,,,,,,
NOR,Eliteserien,Norway,2026,2026-04-25,17:00,Rosenborg,Brann,1.0,1.0,D,,,2.0,False,,,,,,,,,,,,,2.48,3.45,2.5,,,,,,,
NOR,Eliteserien,Norway,2026,2026-04-26,13:30,Molde,Valerenga,5.0,1.0,H,,,6.0,False,,,,,,,,,,,,,1.98,3.6,3.22,,,,,,,
NOR,Eliteserien,Norway,2026,2026-04-26,16:00,Aalesund,Kristiansund,1.0,1.0,D,,,2.0,False,,,,,,,,,,,,,1.78,3.84,3.65,,,,,,,
NOR,Eliteserien,Norway,2026,2026-04-26,16:00,HamKam,Start,2.0,1.0,H,,,3.0,False,,,,,,,,,,,,,1.94,3.46,3.46,,,,,,,
NOR,Eliteserien,Norway,2026,2026-04-26,16:00,KFUM Oslo,Sarpsborg 08,1.0,0.0,H,,,1.0,False,,,,,,,,,,,,,2.23,3.53,2.77,,,,,,,
NOR,Eliteserien,Norway,2026,2026-04-26,16:00,Tromso,Sandefjord,3.0,1.0,H,,,4.0,False,,,,,,,,,,,,,1.54,4.02,5.15,,,,,,,
NOR,Eliteserien,Norway,2026,2026-04-26,18:15,Lillestrom,Bodo/Glimt,0.0,2.0,A,,,2.0,False,,,,,,,,,,,,,3.35,4.01,1.84,,,,,,,
NOR,Eliteserien,Norway,2026,2026-04-29,18:00,Tromso,Brann,0.0,5.0,A,,,5.0,False,,,,,,,,,,,,,1.92,3.54,3.45,,,,,,,
NOR,Eliteserien,Norway,2026,2026-04-30,18:00,Bodo/Glimt,Start,5.0,0.0,H,,,5.0,False,,,,,,,,,,,,,1.1,8.51,15.72,,,,,,,
NOR,Eliteserien,Norway,2026,2026-05-01,17:00,Viking,Rosenborg,3.0,0.0,H,,,3.0,False,,,,,,,,,,,,,1.38,4.8,6.39,,,,,,,
NOR,Eliteserien,Norway,2026,2026-05-02,17:00,Brann,Fredrikstad,3.0,1.0,H,,,4.0,False,,,,,,,,,,,,,1.43,4.46,5.96,,,,,,,
NOR,Eliteserien,Norway,2026,2026-05-03,13:30,Lillestrom,Sarpsborg 08,4.0,0.0,H,,,4.0,False,,,,,,,,,,,,,1.71,4.0,3.88,,,,,,,
NOR,Eliteserien,Norway,2026,2026-05-03,16:00,Kristiansund,HamKam,1.0,1.0,D,,,2.0,False,,,,,,,,,,,,,2.48,3.42,2.53,,,,,,,
NOR,Eliteserien,Norway,2026,2026-05-03,16:00,Sandefjord,Aalesund,1.0,0.0,H,,,1.0,False,,,,,,,,,,,,,1.79,3.81,3.67,,,,,,,
NOR,Eliteserien,Norway,2026,2026-05-03,16:00,Start,Tromso,1.0,1.0,D,,,2.0,False,,,,,,,,,,,,,4.33,3.58,1.73,,,,,,,
NOR,Eliteserien,Norway,2026,2026-05-03,18:15,Valerenga,KFUM Oslo,2.0,2.0,D,,,4.0,False,,,,,,,,,,,,,1.93,3.58,3.37,,,,,,,
NOR,Eliteserien,Norway,2026,2026-05-04,18:00,Bodo/Glimt,Molde,0.0,1.0,A,,,1.0,False,,,,,,,,,,,,,1.32,5.43,6.64,,,,,,,
NOR,Eliteserien,Norway,2026,2026-05-08,18:00,HamKam,Valerenga,1.0,0.0,H,,,1.0,False,,,,,,,,,,,,,2.95,3.44,2.16,,,,,,,
NOR,Eliteserien,Norway,2026,2026-05-09,13:00,Sarpsborg 08,Fredrikstad,2.0,1.0,H,,,3.0,False,,,,,,,,,,,,,1.88,3.55,3.53,,,,,,,
NOR,Eliteserien,Norway,2026,2026-05-10,13:30,Rosenborg,Lillestrom,2.0,0.0,H,,,2.0,False,,,,,,,,,,,,,2.52,3.39,2.49,,,,,,,
NOR,Eliteserien,Norway,2026,2026-05-10,16:00,KFUM Oslo,Viking,0.0,2.0,A,,,2.0,False,,,,,,,,,,,,,4.17,3.95,1.68,,,,,,,
NOR,Eliteserien,Norway,2026,2026-05-10,16:00,Sandefjord,Kristiansund,2.0,0.0,H,,,2.0,False,,,,,,,,,,,,,1.59,4.03,4.6,,,,,,,
NOR,Eliteserien,Norway,2026,2026-05-10,16:00,Tromso,Molde,2.0,0.0,H,,,2.0,False,,,,,,,,,,,,,1.87,3.53,3.66,,,,,,,
NOR,Eliteserien,Norway,2026,2026-05-16,13:00,Brann,KFUM Oslo,2.0,1.0,H,,,3.0,False,,,,,,,,,,,,,1.53,4.15,5.04,,,,,,,
NOR,Eliteserien,Norway,2026,2026-05-16,15:00,Fredrikstad,HamKam,2.0,1.0,H,,,3.0,False,,,,,,,,,,,,,1.96,3.39,3.51,,,,,,,
NOR,Eliteserien,Norway,2026,2026-05-16,15:00,Lillestrom,Sandefjord,3.0,1.0,H,,,4.0,False,,,,,,,,,,,,,1.79,3.63,3.87,,,,,,,
NOR,Eliteserien,Norway,2026,2026-05-16,15:00,Molde,Kristiansund,1.0,0.0,H,,,1.0,False,,,,,,,,,,,,,1.36,4.84,6.61,,,,,,,
NOR,Eliteserien,Norway,2026,2026-05-16,15:00,Rosenborg,Aalesund,2.0,3.0,A,,,5.0,False,,,,,,,,,,,,,1.6,4.03,4.64,,,,,,,
NOR,Eliteserien,Norway,2026,2026-05-16,15:00,Viking,Start,6.0,3.0,H,,,9.0,False,,,,,,,,,,,,,1.17,6.79,12.34,,,,,,,
NOR,Eliteserien,Norway,2026,2026-05-16,17:00,Bodo/Glimt,Tromso,5.0,0.0,H,,,5.0,False,,,,,,,,,,,,,1.38,4.78,6.41,,,,,,,
NOR,Eliteserien,Norway,2026,2026-05-16,19:00,Valerenga,Sarpsborg 08,3.0,2.0,H,,,5.0,False,,,,,,,,,,,,,1.81,3.88,3.53,,,,,,,
NOR,Eliteserien,Norway,2026,2026-05-20,17:00,Start,Bodo/Glimt,1.0,4.0,A,,,5.0,False,,,,,,,,,,,,,8.36,5.79,1.26,,,,,,,
NOR,Eliteserien,Norway,2026,2026-05-20,18:00,Lillestrom,Kristiansund,1.0,2.0,A,,,3.0,False,,,,,,,,,,,,,1.4,4.57,6.26,,,,,,,
NOR,Eliteserien,Norway,2026,2026-05-20,19:00,Aalesund,Brann,2.0,1.0,H,,,3.0,False,,,,,,,,,,,,,3.25,3.76,1.93,,,,,,,
NOR,Eliteserien,Norway,2026,2026-05-24,15:00,Bodo/Glimt,Brann,3.0,1.0,H,,,4.0,False,,,,,,,,,,,,,1.26,5.93,7.79,,,,,,,
NOR,Eliteserien,Norway,2026,2026-05-24,17:00,Kristiansund,Viking,1.0,2.0,A,,,3.0,False,,,,,,,,,,,,,5.18,4.38,1.49,,,,,,,
NOR,Eliteserien,Norway,2026,2026-05-25,13:30,Start,Valerenga,2.0,0.0,H,,,2.0,False,,,,,,,,,,,,,2.9,3.56,2.13,,,,,,,
NOR,Eliteserien,Norway,2026,2026-05-25,16:00,HamKam,Lillestrom,2.0,0.0,H,,,2.0,False,,,,,,,,,,,,,3.38,3.56,1.94,,,,,,,
NOR,Eliteserien,Norway,2026,2026-05-25,16:00,KFUM Oslo,Rosenborg,2.0,0.0,H,,,2.0,False,,,,,,,,,,,,,2.21,3.41,2.89,,,,,,,
NOR,Eliteserien,Norway,2026,2026-05-25,16:00,Sarpsborg 08,Molde,2.0,1.0,H,,,3.0,False,,,,,,,,,,,,,2.49,3.6,2.42,,,,,,,
NOR,Eliteserien,Norway,2026,2026-05-25,16:00,Tromso,Aalesund,1.0,1.0,D,,,2.0,False,,,,,,,,,,,,,1.46,4.23,5.9,,,,,,,
NOR,Eliteserien,Norway,2026,2026-05-25,18:15,Sandefjord,Fredrikstad,1.0,1.0,D,,,2.0,False,,,,,,,,,,,,,2.06,3.48,3.13,,,,,,,
NOR,Eliteserien,Norway,2026,2026-05-29,18:00,Aalesund,HamKam,2.0,2.0,D,,,4.0,False,,,,,,,,,,,,,2.04,3.56,3.11,,,,,,,
NOR,Eliteserien,Norway,2026,2026-05-29,18:00,Brann,Sarpsborg 08,1.0,2.0,A,,,3.0,False,,,,,,,,,,,,,1.66,4.09,4.08,,,,,,,
NOR,Eliteserien,Norway,2026,2026-05-29,18:00,Fredrikstad,Start,2.0,1.0,H,,,3.0,False,,,,,,,,,,,,,1.81,3.62,3.79,,,,,,,
NOR,Eliteserien,Norway,2026,2026-05-29,18:00,KFUM Oslo,Tromso,0.0,0.0,D,,,0.0,True,,,,,,,,,,,,,2.77,3.14,2.41,,,,,,,
NOR,Eliteserien,Norway,2026,2026-05-29,18:00,Rosenborg,Bodo/Glimt,2.0,2.0,D,,,4.0,False,,,,,,,,,,,,,4.68,4.4,1.54,,,,,,,
NOR,Eliteserien,Norway,2026,2026-05-29,18:00,Valerenga,Kristiansund,3.0,1.0,H,,,4.0,False,,,,,,,,,,,,,1.55,4.22,4.81,,,,,,,
NOR,Eliteserien,Norway,2026,2026-05-30,15:00,Molde,Sandefjord,2.0,1.0,H,,,3.0,False,,,,,,,,,,,,,1.59,4.07,4.61,,,,,,,
NOR,Eliteserien,Norway,2026,2026-07-11,13:00,Fredrikstad,Lillestrom,0.0,2.0,A,,,2.0,False,,,,,,,,,,,,,3.0,3.4,2.14,,,,,,,
NOR,Eliteserien,Norway,2026,2026-07-11,15:00,Aalesund,Molde,2.0,2.0,D,,,4.0,False,,,,,,,,,,,,,3.1,3.66,2.01,,,,,,,
NOR,Eliteserien,Norway,2026,2026-07-11,17:00,Tromso,Valerenga,4.0,0.0,H,,,4.0,False,,,,,,,,,,,,,1.68,3.71,4.39,,,,,,,
NOR,Eliteserien,Norway,2026,2026-07-12,13:30,KFUM Oslo,Bodo/Glimt,0.0,2.0,A,,,2.0,False,,,,,,,,,,,,,5.32,4.47,1.47,,,,,,,
NOR,Eliteserien,Norway,2026,2026-07-12,16:00,Brann,Start,2.0,1.0,H,,,3.0,False,,,,,,,,,,,,,1.39,4.65,6.44,,,,,,,
NOR,Eliteserien,Norway,2026,2026-07-12,16:00,Rosenborg,Kristiansund,3.0,0.0,H,,,3.0,False,,,,,,,,,,,,,1.56,4.02,4.99,,,,,,,
NOR,Eliteserien,Norway,2026,2026-07-12,16:00,Sandefjord,HamKam,2.0,2.0,D,,,4.0,False,,,,,,,,,,,,,1.92,3.57,3.42,,,,,,,
NOR,Eliteserien,Norway,2026,2026-07-12,18:15,Sarpsborg 08,Viking,1.0,0.0,H,,,1.0,False,,,,,,,,,,,,,4.66,4.33,1.54,,,,,,,
NOR,Eliteserien,Norway,2026,2026-07-16,18:00,Valerenga,Aalesund,6.0,1.0,H,,,7.0,False,,,,,,,,,,,,,1.61,4.2,4.33,,,,,,,
NOR,Eliteserien,Norway,2026,2026-07-17,18:15,Bodo/Glimt,Fredrikstad,1.0,0.0,H,,,1.0,False,,,,,,,,,,,,,1.11,8.45,14.53,,,,,,,
NOR,Eliteserien,Norway,2026,2026-07-18,13:00,HamKam,Tromso,1.0,4.0,A,,,5.0,False,,,,,,,,,,,,,3.78,3.31,1.9,,,,,,,
NOR,Eliteserien,Norway,2026,2026-07-18,15:00,Kristiansund,Sarpsborg 08,0.0,0.0,D,,,0.0,True,,,,,,,,,,,,,2.88,3.54,2.15,,,,,,,
NOR,Eliteserien,Norway,2026,2026-07-18,15:00,Lillestrom,KFUM Oslo,2.0,1.0,H,,,3.0,False,,,,,,,,,,,,,1.59,3.95,4.78,,,,,,,
NOR,Eliteserien,Norway,2026,2026-07-18,15:00,Start,Rosenborg,0.0,3.0,A,,,3.0,False,,,,,,,,,,,,,2.95,3.42,2.16,,,,,,,
NOR,Eliteserien,Norway,2026,2026-07-18,17:00,Molde,Brann,1.0,2.0,A,,,3.0,False,,,,,,,,,,,,,2.06,3.8,2.88,,,,,,,
NOR,Eliteserien,Norway,2026,2026-07-18,17:00,Viking,Sandefjord,2.0,1.0,H,,,3.0,False,,,,,,,,,,,,,1.26,5.7,8.38,,,,,,,
NOR,Eliteserien,Norway,2026,2026-07-22,18:00,Bodo/Glimt,HamKam,3.0,0.0,H,,,3.0,False,,,,,,,,,,,,,1.08,9.48,17.91,,,,,,,
NOR,Eliteserien,Norway,2026,2026-07-22,18:00,Lillestrom,Viking,1.0,2.0,A,,,3.0,False,,,,,,,,,,,,,3.22,3.65,1.97,,,,,,,
NOR,Eliteserien,Norway,2026,2026-07-25,15:00,Kristiansund,Start,1.0,2.0,A,,,3.0,False,,,,,,,,,,,,,2.16,3.38,3.0,,,,,,,
NOR,Eliteserien,Norway,2026,2026-07-26,13:30,Brann,Valerenga,2.0,3.0,A,,,5.0,False,,,,,,,,,,,,,1.63,4.18,4.17,,,,,,,
NOR,Eliteserien,Norway,2026,2026-07-26,16:00,KFUM Oslo,Molde,2.0,4.0,A,,,6.0,False,,,,,,,,,,,,,2.99,3.53,2.09,,,,,,,
NOR,Eliteserien,Norway,2026,2026-07-26,16:00,Sandefjord,Bodo/Glimt,0.0,3.0,A,,,3.0,False,,,,,,,,,,,,,7.17,5.23,1.31,,,,,,,
NOR,Eliteserien,Norway,2026,2026-07-26,16:00,Sarpsborg 08,HamKam,1.0,0.0,H,,,1.0,False,,,,,,,,,,,,,1.63,3.93,4.41,,,,,,,
NOR,Eliteserien,Norway,2026,2026-07-26,18:15,Aalesund,Viking,1.0,1.0,D,,,2.0,False,,,,,,,,,,,,,4.99,4.44,1.5,,,,,,,
NOR,Eliteserien,Norway,2026,2026-07-27,18:00,Rosenborg,Fredrikstad,4.0,0.0,H,,,4.0,False,,,,,,,,,,,,,1.49,4.17,5.5,,,,,,,
NOR,Eliteserien,Norway,2026,2026-07-31,18:00,Valerenga,HamKam,0.0,3.0,A,,,3.0,False,,,,,,,,,,,,,1.55,4.2,4.87,,,,,,,
NOR,Eliteserien,Norway,2026,2026-07-31,20:00,Bodo/Glimt,Lillestrom,4.0,0.0,H,,,4.0,False,,,,,,,,,,,,,1.2,6.73,9.76,,,,,,,
NOR,Eliteserien,Norway,2026,2026-08-01,15:00,Fredrikstad,Sandefjord,1.0,0.0,H,,,1.0,False,,,,,,,,,,,,,2.28,3.36,2.81,,,,,,,
NOR,Eliteserien,Norway,2026,2026-08-01,17:00,Start,Viking,0.0,3.0,A,,,3.0,False,,,,,,,,,,,,,5.21,4.44,1.48,,,,,,,
NOR,Eliteserien,Norway,2026,2026-08-02,16:00,Aalesund,Tromso,2.0,6.0,A,,,8.0,False,,,,,,,,,,,,,3.5,3.67,1.87,,,,,,,
NOR,Eliteserien,Norway,2026,2026-08-02,16:00,KFUM Oslo,Kristiansund,2.0,1.0,H,,,3.0,False,,,,,,,,,,,,,1.73,3.74,4.08,,,,,,,
NOR,Eliteserien,Norway,2026,2026-08-02,16:00,Molde,Sarpsborg 08,3.0,3.0,D,,,6.0,False,,,,,,,,,,,,,1.58,4.14,4.62,,,,,,,
NOR,Eliteserien,Norway,2026,2026-08-02,18:15,Brann,Rosenborg,3.0,2.0,H,,,5.0,False,,,,,,,,,,,,,2.01,3.62,3.16,,,,,,,
NOR,Eliteserien,Norway,2026,2026-08-07,18:00,Sandefjord,KFUM Oslo,0.0,1.0,A,,,1.0,False,,,,,,,,,,,,,2.14,3.5,2.99,,,,,,,
NOR,Eliteserien,Norway,2026,2026-08-08,13:00,Valerenga,Bodo/Glimt,1.0,2.0,A,,,3.0,False,,,,,,,,,,,,,5.25,4.7,1.46,,,,,,,
NOR,Eliteserien,Norway,2026,2026-08-08,15:00,Viking,Sarpsborg 08,2.0,1.0,H,,,3.0,False,,,,,,,,,,,,,1.36,5.16,6.49,,,,,,,
NOR,Eliteserien,Norway,2026,2026-08-08,17:00,Start,Fredrikstad,0.0,1.0,A,,,1.0,False,,,,,,,,,,,,,1.94,3.44,3.54,,,,,,,
NOR,Eliteserien,Norway,2026,2026-08-09,13:30,Lillestrom,Rosenborg,0.0,2.0,A,,,2.0,False,,,,,,,,,,,,,2.43,3.48,2.56,,,,,,,
NOR,Eliteserien,Norway,2026,2026-08-09,16:00,HamKam,Aalesund,1.0,1.0,D,,,2.0,False,,,,,,,,,,,,,2.03,3.7,3.05,,,,,,,
NOR,Eliteserien,Norway,2026,2026-08-09,18:15,Kristiansund,Molde,2.0,1.0,H,,,3.0,False,,,,,,,,,,,,,4.41,4.0,1.63,,,,,,,
NOR,Eliteserien,Norway,2026,2026-08-14,18:00,Rosenborg,Viking,2.0,1.0,H,,,3.0,False,,,,,,,,,,,,,2.1,3.64,3.0,,,,,,,
NOR,Eliteserien,Norway,2026,2026-08-15,15:00,KFUM Oslo,Lillestrom,1.0,1.0,D,,,2.0,False,,,,,,,,,,,,,3.29,3.63,1.97,,,,,,,
NOR,Eliteserien,Norway,2026,2026-08-16,13:30,Aalesund,Valerenga,5.0,5.0,D,,,10.0,False,,,,,,,,,,,,,2.53,3.76,2.37,,,,,,,
NOR,Eliteserien,Norway,2026,2026-08-16,16:00,Brann,HamKam,3.0,0.0,H,,,3.0,False,,,,,,,,,,,,,1.51,4.21,5.47,,,,,,,
NOR,Eliteserien,Norway,2026,2026-08-16,16:00,Molde,Tromso,3.0,2.0,H,,,5.0,False,,,,,,,,,,,,,1.87,3.83,3.47,,,,,,,
NOR,Eliteserien,Norway,2026,2026-08-16,16:00,Sarpsborg 08,Sandefjord,1.0,2.0,A,,,3.0,False,,,,,,,,,,,,,1.73,3.97,3.85,,,,,,,
NOR,Eliteserien,Norway,2026,2026-08-16,18:15,Fredrikstad,Kristiansund,1.0,0.0,H,,,1.0,False,,,,,,,,,,,,,1.71,3.76,4.27,,,,,,,
NOR,Eliteserien,Norway,2026,2026-08-30,13:30,Bodo/Glimt,Rosenborg,4.0,2.0,H,,,6.0,False,,,,,,,,,,,,,1.31,5.62,6.86,,,,,,,
NOR,Eliteserien,Norway,2026,2026-08-30,16:00,HamKam,Kristiansund,2.0,2.0,D,,,4.0,False,,,,,,,,,,,,,1.82,3.62,3.81,,,,,,,
NOR,Eliteserien,Norway,2026,2026-08-30,16:00,Sandefjord,Brann,0.0,0.0,D,,,0.0,True,,,,,,,,,,,,,3.49,3.89,1.83,,,,,,,
NOR,Eliteserien,Norway,2026,2026-08-30,16:00,Start,KFUM Oslo,4.0,1.0,H,,,5.0,False,,,,,,,,,,,,,1.79,3.57,3.95,,,,,,,
NOR,Eliteserien,Norway,2026,2026-08-30,16:00,Tromso,Sarpsborg 08,0.0,0.0,D,,,0.0,True,,,,,,,,,,,,,1.74,3.74,4.08,,,,,,,
NOR,Eliteserien,Norway,2026,2026-08-30,16:00,Valerenga,Molde,3.0,4.0,A,,,7.0,False,,,,,,,,,,,,,2.72,3.9,2.15,,,,,,,
NOR,Eliteserien,Norway,2026,2026-08-30,16:00,Viking,Aalesund,2.0,1.0,H,,,3.0,False,,,,,,,,,,,,,1.28,5.95,7.45,,,,,,,
NOR,Eliteserien,Norway,2026,2026-08-30,18:15,Lillestrom,Fredrikstad,1.0,4.0,A,,,5.0,False,,,,,,,,,,,,,1.69,3.76,4.31,,,,,,,
POL,Ekstraklasa,Poland,2026/2027,2026-07-24,17:00,Radomiak Radom,Wieczysta Krakow,2.0,1.0,H,,,3.0,False,,,,,,,,,,,,,2.28,3.39,2.73,,,,,,,
POL,Ekstraklasa,Poland,2026/2027,2026-07-24,19:30,Pogon Szczecin,Legia,0.0,1.0,A,,,1.0,False,,,,,,,,,,,,,2.59,3.24,2.47,,,,,,,
POL,Ekstraklasa,Poland,2026/2027,2026-07-25,13:45,Jagiellonia,Korona Kielce,1.0,0.0,H,,,1.0,False,,,,,,,,,,,,,1.97,3.3,3.48,,,,,,,
POL,Ekstraklasa,Poland,2026/2027,2026-07-25,16:30,Gornik Zabrze,Slask Wroclaw,2.0,1.0,H,,,3.0,False,,,,,,,,,,,,,1.73,3.55,4.23,,,,,,,
POL,Ekstraklasa,Poland,2026/2027,2026-07-25,19:15,Lech Poznan,Cracovia,0.0,0.0,D,,,0.0,True,,,,,,,,,,,,,1.52,4.05,5.21,,,,,,,
POL,Ekstraklasa,Poland,2026/2027,2026-07-26,13:45,Rakow,Wisla Plock,1.0,2.0,A,,,3.0,False,,,,,,,,,,,,,1.62,3.61,4.93,,,,,,,
POL,Ekstraklasa,Poland,2026/2027,2026-07-26,16:30,Widzew Lodz,Motor Lublin,2.0,2.0,D,,,4.0,False,,,,,,,,,,,,,1.71,3.58,4.38,,,,,,,
POL,Ekstraklasa,Poland,2026/2027,2026-07-26,19:15,Wisla,GKS Katowice,2.0,1.0,H,,,3.0,False,,,,,,,,,,,,,1.96,3.44,3.36,,,,,,,
POL,Ekstraklasa,Poland,2026/2027,2026-07-27,18:00,Zaglebie,Piast Gliwice,2.0,0.0,H,,,2.0,False,,,,,,,,,,,,,2.52,3.07,2.66,,,,,,,
POL,Ekstraklasa,Poland,2026/2027,2026-07-31,17:00,Wisla Plock,Widzew Lodz,0.0,0.0,D,,,0.0,True,,,,,,,,,,,,,2.98,2.98,2.35,,,,,,,
POL,Ekstraklasa,Poland,2026/2027,2026-07-31,19:30,Motor Lublin,Jagiellonia,1.0,2.0,A,,,3.0,False,,,,,,,,,,,,,2.66,3.49,2.31,,,,,,,
POL,Ekstraklasa,Poland,2026/2027,2026-08-01,13:45,Piast Gliwice,Wisla,4.0,3.0,H,,,7.0,False,,,,,,,,,,,,,2.32,3.17,2.84,,,,,,,
POL,Ekstraklasa,Poland,2026/2027,2026-08-01,16:30,Wieczysta Krakow,Lech Poznan,1.0,2.0,A,,,3.0,False,,,,,,,,,,,,,3.18,3.61,1.99,,,,,,,
POL,Ekstraklasa,Poland,2026/2027,2026-08-02,13:45,Legia,Zaglebie,3.0,1.0,H,,,4.0,False,,,,,,,,,,,,,1.61,3.64,4.99,,,,,,,
POL,Ekstraklasa,Poland,2026/2027,2026-08-02,16:30,Slask Wroclaw,Rakow,2.0,1.0,H,,,3.0,False,,,,,,,,,,,,,2.91,3.33,2.21,,,,,,,
POL,Ekstraklasa,Poland,2026/2027,2026-08-02,19:15,GKS Katowice,Radomiak Radom,3.0,1.0,H,,,4.0,False,,,,,,,,,,,,,1.92,3.48,3.46,,,,,,,
POL,Ekstraklasa,Poland,2026/2027,2026-08-03,18:00,Cracovia,Pogon Szczecin,0.0,2.0,A,,,2.0,False,,,,,,,,,,,,,2.2,3.15,3.08,,,,,,,
POL,Ekstraklasa,Poland,2026/2027,2026-08-07,19:30,Wisla,Wisla Plock,2.0,1.0,H,,,3.0,False,,,,,,,,,,,,,1.71,3.72,4.2,,,,,,,
POL,Ekstraklasa,Poland,2026/2027,2026-08-08,13:45,Radomiak Radom,Gornik Zabrze,1.0,3.0,A,,,4.0,False,,,,,,,,,,,,,2.61,3.29,2.49,,,,,,,
POL,Ekstraklasa,Poland,2026/2027,2026-08-08,16:30,Pogon Szczecin,Motor Lublin,3.0,1.0,H,,,4.0,False,,,,,,,,,,,,,1.9,3.54,3.56,,,,,,,
POL,Ekstraklasa,Poland,2026/2027,2026-08-08,19:15,Korona Kielce,Legia,1.0,1.0,D,,,2.0,False,,,,,,,,,,,,,2.96,3.14,2.3,,,,,,,
POL,Ekstraklasa,Poland,2026/2027,2026-08-09,13:45,Slask Wroclaw,Cracovia,0.0,0.0,D,,,0.0,True,,,,,,,,,,,,,2.36,3.24,2.76,,,,,,,
POL,Ekstraklasa,Poland,2026/2027,2026-08-09,16:30,Lech Poznan,Piast Gliwice,3.0,0.0,H,,,3.0,False,,,,,,,,,,,,,1.52,4.28,5.01,,,,,,,
POL,Ekstraklasa,Poland,2026/2027,2026-08-09,19:15,Jagiellonia,Widzew Lodz,0.0,2.0,A,,,2.0,False,,,,,,,,,,,,,2.48,3.16,2.69,,,,,,,
POL,Ekstraklasa,Poland,2026/2027,2026-08-14,19:30,Legia,Radomiak Radom,5.0,0.0,H,,,5.0,False,,,,,,,,,,,,,1.47,4.08,6.0,,,,,,,
POL,Ekstraklasa,Poland,2026/2027,2026-08-15,13:45,Zaglebie,Slask Wroclaw,2.0,1.0,H,,,3.0,False,,,,,,,,,,,,,2.15,3.23,3.16,,,,,,,
POL,Ekstraklasa,Poland,2026/2027,2026-08-15,16:30,Piast Gliwice,Wieczysta Krakow,3.0,4.0,A,,,7.0,False,,,,,,,,,,,,,2.17,3.44,2.95,,,,,,,
POL,Ekstraklasa,Poland,2026/2027,2026-08-15,19:15,Widzew Lodz,Korona Kielce,1.0,2.0,A,,,3.0,False,,,,,,,,,,,,,1.96,3.18,3.73,,,,,,,
POL,Ekstraklasa,Poland,2026/2027,2026-08-16,13:45,Motor Lublin,GKS Katowice,1.0,0.0,H,,,1.0,False,,,,,,,,,,,,,2.21,3.54,2.8,,,,,,,
POL,Ekstraklasa,Poland,2026/2027,2026-08-16,16:30,Cracovia,Rakow,2.0,1.0,H,,,3.0,False,,,,,,,,,,,,,2.41,3.16,2.77,,,,,,,
POL,Ekstraklasa,Poland,2026/2027,2026-08-16,19:15,Gornik Zabrze,Wisla,2.0,1.0,H,,,3.0,False,,,,,,,,,,,,,1.98,3.53,3.3,,,,,,,
POL,Ekstraklasa,Poland,2026/2027,2026-08-21,19:30,Cracovia,Wieczysta Krakow,3.0,2.0,H,,,5.0,False,,,,,,,,,,,,,2.13,3.28,3.2,,,,,,,
POL,Ekstraklasa,Poland,2026/2027,2026-08-22,13:45,Korona Kielce,Motor Lublin,1.0,1.0,D,,,2.0,False,,,,,,,,,,,,,1.78,3.63,3.9,,,,,,,
POL,Ekstraklasa,Poland,2026/2027,2026-08-22,16:30,Piast Gliwice,Legia,1.0,1.0,D,,,2.0,False,,,,,,,,,,,,,3.46,3.4,1.97,,,,,,,
POL,Ekstraklasa,Poland,2026/2027,2026-08-22,19:15,Slask Wroclaw,Widzew Lodz,3.0,3.0,D,,,6.0,False,,,,,,,,,,,,,3.1,3.29,2.15,,,,,,,
POL,Ekstraklasa,Poland,2026/2027,2026-08-23,13:45,Radomiak Radom,Zaglebie,0.0,0.0,D,,,0.0,True,,,,,,,,,,,,,2.51,3.25,2.61,,,,,,,
POL,Ekstraklasa,Poland,2026/2027,2026-08-23,16:30,GKS Katowice,Wisla Plock,5.0,0.0,H,,,5.0,False,,,,,,,,,,,,,1.88,3.57,3.59,,,,,,,
POL,Ekstraklasa,Poland,2026/2027,2026-08-23,19:15,Pogon Szczecin,Wisla,2.0,2.0,D,,,4.0,False,,,,,,,,,,,,,2.07,3.55,3.07,,,,,,,
POL,Ekstraklasa,Poland,2026/2027,2026-08-28,17:00,Wisla Plock,Korona Kielce,0.0,2.0,A,,,2.0,False,,,,,,,,,,,,,2.44,3.18,2.71,,,,,,,
POL,Ekstraklasa,Poland,2026/2027,2026-08-28,19:30,Legia,Slask Wroclaw,1.0,1.0,D,,,2.0,False,,,,,,,,,,,,,1.46,4.19,5.94,,,,,,,
POL,Ekstraklasa,Poland,2026/2027,2026-08-29,11:15,Radomiak Radom,Cracovia,2.0,1.0,H,,,3.0,False,,,,,,,,,,,,,2.83,3.24,2.32,,,,,,,
POL,Ekstraklasa,Poland,2026/2027,2026-08-29,13:45,Motor Lublin,Piast Gliwice,0.0,2.0,A,,,2.0,False,,,,,,,,,,,,,2.26,3.48,2.77,,,,,,,
POL,Ekstraklasa,Poland,2026/2027,2026-08-29,16:30,Wisla,Wieczysta Krakow,2.0,0.0,H,,,2.0,False,,,,,,,,,,,,,1.87,3.74,3.45,,,,,,,
POL,Ekstraklasa,Poland,2026/2027,2026-08-29,19:15,Zaglebie,Pogon Szczecin,0.0,0.0,D,,,0.0,True,,,,,,,,,,,,,2.8,3.23,2.35,,,,,,,
POL,Ekstraklasa,Poland,2026/2027,2026-08-30,13:45,Rakow,Jagiellonia,2.0,5.0,A,,,7.0,False,,,,,,,,,,,,,2.0,3.46,3.3,,,,,,,
POL,Ekstraklasa,Poland,2026/2027,2026-08-30,16:30,Gornik Zabrze,GKS Katowice,2.0,3.0,A,,,5.0,False,,,,,,,,,,,,,1.8,3.6,3.86,,,,,,,
POL,Ekstraklasa,Poland,2026/2027,2026-08-30,19:15,Widzew Lodz,Lech Poznan,2.0,3.0,A,,,5.0,False,,,,,,,,,,,,,3.0,3.47,2.12,,,,,,,
SWZ,Super League,Switzerland,2026/2027,2026-07-25,17:00,Lausanne,Grasshoppers,1.0,1.0,D,,,2.0,False,,,,,,,,,,,,,1.62,3.97,4.47,,,,,,,
SWZ,Super League,Switzerland,2026/2027,2026-07-25,17:00,Servette,Basel,0.0,1.0,A,,,1.0,False,,,,,,,,,,,,,1.84,3.76,3.48,,,,,,,
SWZ,Super League,Switzerland,2026/2027,2026-07-25,19:30,Luzern,Thun,1.0,3.0,A,,,4.0,False,,,,,,,,,,,,,1.76,3.87,3.78,,,,,,,
SWZ,Super League,Switzerland,2026/2027,2026-07-26,13:00,Young Boys,Sion,4.0,2.0,H,,,6.0,False,,,,,,,,,,,,,1.76,4.02,3.61,,,,,,,
SWZ,Super League,Switzerland,2026/2027,2026-07-26,15:30,Lugano,Vaduz,2.0,1.0,H,,,3.0,False,,,,,,,,,,,,,1.55,4.06,4.91,,,,,,,
SWZ,Super League,Switzerland,2026/2027,2026-07-26,15:30,St. Gallen,Zurich,2.0,1.0,H,,,3.0,False,,,,,,,,,,,,,1.49,4.43,5.09,,,,,,,
SWZ,Super League,Switzerland,2026/2027,2026-08-01,17:00,Basel,Lausanne,0.0,1.0,A,,,1.0,False,,,,,,,,,,,,,1.84,3.75,3.54,,,,,,,
SWZ,Super League,Switzerland,2026/2027,2026-08-01,17:00,Zurich,Servette,2.0,1.0,H,,,3.0,False,,,,,,,,,,,,,3.65,3.76,1.81,,,,,,,
SWZ,Super League,Switzerland,2026/2027,2026-08-01,19:30,Thun,Young Boys,0.0,6.0,A,,,6.0,False,,,,,,,,,,,,,3.41,4.12,1.8,,,,,,,
SWZ,Super League,Switzerland,2026/2027,2026-08-02,13:00,Vaduz,St. Gallen,2.0,3.0,A,,,5.0,False,,,,,,,,,,,,,3.31,3.83,1.9,,,,,,,
SWZ,Super League,Switzerland,2026/2027,2026-08-02,15:30,Grasshoppers,Lugano,1.0,4.0,A,,,5.0,False,,,,,,,,,,,,,3.97,3.7,1.76,,,,,,,
SWZ,Super League,Switzerland,2026/2027,2026-08-02,15:30,Sion,Luzern,3.0,0.0,H,,,3.0,False,,,,,,,,,,,,,1.72,4.05,3.8,,,,,,,
SWZ,Super League,Switzerland,2026/2027,2026-08-08,17:00,Lausanne,Young Boys,2.0,2.0,D,,,4.0,False,,,,,,,,,,,,,4.04,4.31,1.65,,,,,,,
SWZ,Super League,Switzerland,2026/2027,2026-08-08,19:30,Servette,Grasshoppers,2.0,1.0,H,,,3.0,False,,,,,,,,,,,,,1.46,4.26,5.85,,,,,,,
SWZ,Super League,Switzerland,2026/2027,2026-08-09,13:00,Lugano,Zurich,5.0,0.0,H,,,5.0,False,,,,,,,,,,,,,1.42,4.56,6.3,,,,,,,
SWZ,Super League,Switzerland,2026/2027,2026-08-09,15:30,Basel,Thun,4.0,2.0,H,,,6.0,False,,,,,,,,,,,,,2.04,3.61,3.14,,,,,,,
SWZ,Super League,Switzerland,2026/2027,2026-08-09,15:30,Sion,Vaduz,3.0,2.0,H,,,5.0,False,,,,,,,,,,,,,1.48,4.47,5.34,,,,,,,
SWZ,Super League,Switzerland,2026/2027,2026-08-09,15:30,St. Gallen,Luzern,2.0,2.0,D,,,4.0,False,,,,,,,,,,,,,1.8,4.03,3.51,,,,,,,
SWZ,Super League,Switzerland,2026/2027,2026-08-22,17:00,Luzern,Lausanne,1.0,0.0,H,,,1.0,False,,,,,,,,,,,,,1.92,3.72,3.35,,,,,,,
SWZ,Super League,Switzerland,2026/2027,2026-08-22,19:30,Zurich,Basel,1.0,2.0,A,,,3.0,False,,,,,,,,,,,,,2.66,3.55,2.32,,,,,,,
SWZ,Super League,Switzerland,2026/2027,2026-08-23,13:00,Young Boys,Vaduz,4.0,2.0,H,,,6.0,False,,,,,,,,,,,,,1.27,5.92,7.76,,,,,,,
SWZ,Super League,Switzerland,2026/2027,2026-08-29,17:00,Lausanne,Zurich,2.0,3.0,A,,,5.0,False,,,,,,,,,,,,,1.97,3.46,3.37,,,,,,,
SWZ,Super League,Switzerland,2026/2027,2026-08-29,17:00,Servette,Luzern,1.0,1.0,D,,,2.0,False,,,,,,,,,,,,,1.84,3.71,3.59,,,,,,,
SWZ,Super League,Switzerland,2026/2027,2026-08-29,19:30,Young Boys,Basel,3.0,3.0,D,,,6.0,False,,,,,,,,,,,,,1.46,4.67,5.25,,,,,,,
SWZ,Super League,Switzerland,2026/2027,2026-08-30,13:00,Sion,Lugano,1.0,2.0,A,,,3.0,False,,,,,,,,,,,,,2.27,3.43,2.8,,,,,,,
SWZ,Super League,Switzerland,2026/2027,2026-08-30,15:30,St. Gallen,Thun,3.0,4.0,A,,,7.0,False,,,,,,,,,,,,,1.62,4.23,4.26,,,,,,,
SWZ,Super League,Switzerland,2026/2027,2026-08-30,15:30,Vaduz,Grasshoppers,5.0,2.0,H,,,7.0,False,,,,,,,,,,,,,1.99,3.64,3.18,,,,,,,
USA,MLS,USA,2026,2026-02-21,19:30,St. Louis City,Charlotte,1.0,1.0,D,,,2.0,False,,,,,,,,,,,,,2.42,3.49,2.65,,,,,,,
USA,MLS,USA,2026,2026-02-21,21:45,FC Cincinnati,Atlanta Utd,2.0,0.0,H,,,2.0,False,,,,,,,,,,,,,1.94,3.55,3.57,,,,,,,
USA,MLS,USA,2026,2026-02-22,00:30,DC United,Philadelphia Union,1.0,0.0,H,,,1.0,False,,,,,,,,,,,,,2.98,3.26,2.32,,,,,,,
USA,MLS,USA,2026,2026-02-22,00:30,Orlando City,New York Red Bulls,1.0,2.0,A,,,3.0,False,,,,,,,,,,,,,1.8,3.74,3.94,,,,,,,
USA,MLS,USA,2026,2026-02-22,00:30,Vancouver Whitecaps,Real Salt Lake,1.0,0.0,H,,,1.0,False,,,,,,,,,,,,,1.32,5.27,7.92,,,,,,,
USA,MLS,USA,2026,2026-02-22,01:30,Austin FC,Minnesota United,2.0,2.0,D,,,4.0,False,,,,,,,,,,,,,2.28,3.25,3.03,,,,,,,
USA,MLS,USA,2026,2026-02-22,01:30,FC Dallas,Toronto FC,3.0,2.0,H,,,5.0,False,,,,,,,,,,,,,1.97,3.53,3.51,,,,,,,
USA,MLS,USA,2026,2026-02-22,01:30,Houston Dynamo,Chicago Fire,2.0,1.0,H,,,3.0,False,,,,,,,,,,,,,2.27,3.5,2.88,,,,,,,
USA,MLS,USA,2026,2026-02-22,01:30,Nashville SC,New England Revolution,4.0,1.0,H,,,5.0,False,,,,,,,,,,,,,1.51,4.3,5.54,,,,,,,
USA,MLS,USA,2026,2026-02-22,02:30,Los Angeles FC,Inter Miami,3.0,0.0,H,,,3.0,False,,,,,,,,,,,,,1.92,3.83,3.38,,,,,,,
USA,MLS,USA,2026,2026-02-22,03:30,Portland Timbers,Columbus Crew,3.0,2.0,H,,,5.0,False,,,,,,,,,,,,,2.71,3.57,2.34,,,,,,,
USA,MLS,USA,2026,2026-02-22,03:30,San Diego FC,CF Montreal,5.0,0.0,H,,,5.0,False,,,,,,,,,,,,,1.5,4.38,5.53,,,,,,,
USA,MLS,USA,2026,2026-02-22,03:30,San Jose Earthquakes,Sporting Kansas City,3.0,0.0,H,,,3.0,False,,,,,,,,,,,,,1.71,4.11,4.02,,,,,,,
USA,MLS,USA,2026,2026-02-23,00:00,Los Angeles Galaxy,New York City,1.0,1.0,D,,,2.0,False,,,,,,,,,,,,,2.18,3.51,3.0,,,,,,,
USA,MLS,USA,2026,2026-02-23,02:15,Seattle Sounders,Colorado Rapids,2.0,0.0,H,,,2.0,False,,,,,,,,,,,,,1.34,5.14,7.44,,,,,,,
USA,MLS,USA,2026,2026-02-28,19:30,Chicago Fire,CF Montreal,3.0,0.0,H,,,3.0,False,,,,,,,,,,,,,1.53,4.27,5.35,,,,,,,
USA,MLS,USA,2026,2026-02-28,19:30,New York Red Bulls,New England Revolution,1.0,0.0,H,,,1.0,False,,,,,,,,,,,,,1.81,3.75,3.92,,,,,,,
USA,MLS,USA,2026,2026-02-28,21:30,Colorado Rapids,Portland Timbers,2.0,0.0,H,,,2.0,False,,,,,,,,,,,,,2.1,3.64,3.09,,,,,,,
USA,MLS,USA,2026,2026-02-28,21:30,Minnesota United,FC Cincinnati,1.0,0.0,H,,,1.0,False,,,,,,,,,,,,,2.19,3.42,3.02,,,,,,,
USA,MLS,USA,2026,2026-03-01,00:30,Real Salt Lake,Seattle Sounders,2.0,1.0,H,,,3.0,False,,,,,,,,,,,,,3.2,3.37,2.15,,,,,,,
USA,MLS,USA,2026,2026-03-01,00:30,San Jose Earthquakes,Atlanta Utd,2.0,0.0,H,,,2.0,False,,,,,,,,,,,,,1.91,3.63,3.61,,,,,,,
USA,MLS,USA,2026,2026-03-01,01:30,FC Dallas,Nashville SC,0.0,0.0,D,,,0.0,True,,,,,,,,,,,,,2.62,3.41,2.49,,,,,,,
USA,MLS,USA,2026,2026-03-01,01:30,Houston Dynamo,Los Angeles FC,0.0,2.0,A,,,2.0,False,,,,,,,,,,,,,3.62,3.7,1.89,,,,,,,
USA,MLS,USA,2026,2026-03-01,01:30,Sporting Kansas City,Columbus Crew,2.0,2.0,D,,,4.0,False,,,,,,,,,,,,,4.28,4.25,1.65,,,,,,,
USA,MLS,USA,2026,2026-03-01,02:30,Vancouver Whitecaps,Toronto FC,3.0,0.0,H,,,3.0,False,,,,,,,,,,,,,1.35,4.93,7.51,,,,,,,
USA,MLS,USA,2026,2026-03-01,03:30,Los Angeles Galaxy,Charlotte,3.0,0.0,H,,,3.0,False,,,,,,,,,,,,,2,3.63,3.33,,,,,,,
USA,MLS,USA,2026,2026-03-01,19:30,Austin FC,DC United,1.0,0.0,H,,,1.0,False,,,,,,,,,,,,,1.91,3.44,3.86,,,,,,,
USA,MLS,USA,2026,2026-03-01,21:30,Philadelphia Union,New York City,1.0,2.0,A,,,3.0,False,,,,,,,,,,,,,2.17,3.27,3.22,,,,,,,
USA,MLS,USA,2026,2026-03-02,00:00,Orlando City,Inter Miami,2.0,4.0,A,,,6.0,False,,,,,,,,,,,,,3.79,4.1,1.75,,,,,,,
USA,MLS,USA,2026,2026-03-02,02:15,San Diego FC,St. Louis City,2.0,0.0,H,,,2.0,False,,,,,,,,,,,,,1.52,4.41,5.18,,,,,,,
USA,MLS,USA,2026,2026-03-07,19:30,New York City,Orlando City,5.0,0.0,H,,,5.0,False,,,,,,,,,,,,,1.59,4.19,4.87,,,,,,,
USA,MLS,USA,2026,2026-03-07,21:30,DC United,Inter Miami,1.0,2.0,A,,,3.0,False,,,,,,,,,,,,,4.47,4.15,1.64,,,,,,,
USA,MLS,USA,2026,2026-03-08,00:30,Atlanta Utd,Real Salt Lake,2.0,3.0,A,,,5.0,False,,,,,,,,,,,,,2.14,3.4,3.19,,,,,,,
USA,MLS,USA,2026,2026-03-08,00:30,Charlotte,Austin FC,3.0,1.0,H,,,4.0,False,,,,,,,,,,,,,2,3.43,3.53,,,,,,,
USA,MLS,USA,2026,2026-03-08,00:30,Columbus Crew,Chicago Fire,0.0,0.0,D,,,0.0,True,,,,,,,,,,,,,1.86,3.65,3.8,,,,,,,
USA,MLS,USA,2026,2026-03-08,00:30,Philadelphia Union,San Jose Earthquakes,0.0,1.0,A,,,1.0,False,,,,,,,,,,,,,1.91,3.67,3.58,,,,,,,
USA,MLS,USA,2026,2026-03-08,01:30,Nashville SC,Minnesota United,3.0,1.0,H,,,4.0,False,,,,,,,,,,,,,1.63,4.05,4.63,,,,,,,
USA,MLS,USA,2026,2026-03-08,01:30,Sporting Kansas City,San Diego FC,0.0,1.0,A,,,1.0,False,,,,,,,,,,,,,3.96,4.02,1.74,,,,,,,
USA,MLS,USA,2026,2026-03-08,01:30,St. Louis City,Seattle Sounders,0.0,1.0,A,,,1.0,False,,,,,,,,,,,,,2.95,3.58,2.19,,,,,,,
USA,MLS,USA,2026,2026-03-08,02:30,Colorado Rapids,Los Angeles Galaxy,4.0,1.0,H,,,5.0,False,,,,,,,,,,,,,2.15,3.77,2.9,,,,,,,
USA,MLS,USA,2026,2026-03-08,03:30,Los Angeles FC,FC Dallas,1.0,0.0,H,,,1.0,False,,,,,,,,,,,,,1.3,5.39,8.41,,,,,,,
USA,MLS,USA,2026,2026-03-08,03:30,Portland Timbers,Vancouver Whitecaps,1.0,4.0,A,,,5.0,False,,,,,,,,,,,,,4.24,4.13,1.67,,,,,,,
USA,MLS,USA,2026,2026-03-08,20:30,New York Red Bulls,CF Montreal,0.0,3.0,A,,,3.0,False,,,,,,,,,,,,,1.55,4.18,5.18,,,,,,,
USA,MLS,USA,2026,2026-03-08,23:00,FC Cincinnati,Toronto FC,0.0,1.0,A,,,1.0,False,,,,,,,,,,,,,1.69,3.85,4.39,,,,,,,
USA,MLS,USA,2026,2026-03-14,17:00,Toronto FC,New York Red Bulls,1.0,1.0,D,,,2.0,False,,,,,,,,,,,,,2.12,3.43,3.17,,,,,,,
USA,MLS,USA,2026,2026-03-14,19:15,Atlanta Utd,Philadelphia Union,3.0,1.0,H,,,4.0,False,,,,,,,,,,,,,2.45,3.4,2.68,,,,,,,
USA,MLS,USA,2026,2026-03-14,22:15,Columbus Crew,Nashville SC,0.0,1.0,A,,,1.0,False,,,,,,,,,,,,,1.61,4.05,4.78,,,,,,,
USA,MLS,USA,2026,2026-03-14,23:30,Charlotte,Inter Miami,0.0,0.0,D,,,0.0,True,,,,,,,,,,,,,2.16,3.65,2.96,,,,,,,
USA,MLS,USA,2026,2026-03-14,23:30,New York City,Colorado Rapids,3.0,1.0,H,,,4.0,False,,,,,,,,,,,,,1.47,4.26,6.11,,,,,,,
USA,MLS,USA,2026,2026-03-14,23:30,Orlando City,CF Montreal,2.0,1.0,H,,,3.0,False,,,,,,,,,,,,,1.82,3.84,3.72,,,,,,,
USA,MLS,USA,2026,2026-03-15,00:30,Chicago Fire,DC United,1.0,2.0,A,,,3.0,False,,,,,,,,,,,,,1.58,3.95,5.25,,,,,,,
USA,MLS,USA,2026,2026-03-15,00:30,FC Dallas,San Diego FC,3.0,3.0,D,,,6.0,False,,,,,,,,,,,,,2.21,3.6,2.88,,,,,,,
USA,MLS,USA,2026,2026-03-15,00:30,Houston Dynamo,Portland Timbers,3.0,2.0,H,,,5.0,False,,,,,,,,,,,,,1.56,4.05,5.31,,,,,,,
USA,MLS,USA,2026,2026-03-15,01:30,Los Angeles Galaxy,Sporting Kansas City,1.0,2.0,A,,,3.0,False,,,,,,,,,,,,,1.55,4.36,4.93,,,,,,,
USA,MLS,USA,2026,2026-03-15,01:30,Real Salt Lake,Austin FC,2.0,1.0,H,,,3.0,False,,,,,,,,,,,,,1.7,3.74,4.53,,,,,,,
USA,MLS,USA,2026,2026-03-15,02:30,Los Angeles FC,St. Louis City,2.0,0.0,H,,,2.0,False,,,,,,,,,,,,,1.41,4.66,6.49,,,,,,,
USA,MLS,USA,2026,2026-03-15,18:30,New England Revolution,FC Cincinnati,6.0,1.0,H,,,7.0,False,,,,,,,,,,,,,2.29,3.41,2.87,,,,,,,
USA,MLS,USA,2026,2026-03-15,20:30,Vancouver Whitecaps,Minnesota United,6.0,0.0,H,,,6.0,False,,,,,,,,,,,,,1.44,4.49,6.17,,,,,,,
USA,MLS,USA,2026,2026-03-15,23:00,San Jose Earthquakes,Seattle Sounders,0.0,1.0,A,,,1.0,False,,,,,,,,,,,,,2.06,3.65,3.16,,,,,,,
USA,MLS,USA,2026,2026-03-21,17:00,Toronto FC,Columbus Crew,2.0,1.0,H,,,3.0,False,,,,,,,,,,,,,3.04,3.47,2.19,,,,,,,
USA,MLS,USA,2026,2026-03-21,20:30,Philadelphia Union,Chicago Fire,1.0,2.0,A,,,3.0,False,,,,,,,,,,,,,2.46,3.24,2.76,,,,,,,
USA,MLS,USA,2026,2026-03-21,22:15,Nashville SC,Orlando City,5.0,0.0,H,,,5.0,False,,,,,,,,,,,,,1.45,4.53,6.01,,,,,,,
USA,MLS,USA,2026,2026-03-21,23:30,Atlanta Utd,DC United,0.0,0.0,D,,,0.0,True,,,,,,,,,,,,,2.06,3.38,3.36,,,,,,,
USA,MLS,USA,2026,2026-03-21,23:30,Charlotte,New York Red Bulls,6.0,1.0,H,,,7.0,False,,,,,,,,,,,,,2.03,3.48,3.36,,,,,,,
USA,MLS,USA,2026,2026-03-22,00:30,FC Dallas,Houston Dynamo,4.0,3.0,H,,,7.0,False,,,,,,,,,,,,,2.37,3.44,2.73,,,,,,,
USA,MLS,USA,2026,2026-03-22,00:30,Sporting Kansas City,Colorado Rapids,1.0,4.0,A,,,5.0,False,,,,,,,,,,,,,2.52,3.52,2.53,,,,,,,
USA,MLS,USA,2026,2026-03-22,00:30,St. Louis City,New England Revolution,3.0,1.0,H,,,4.0,False,,,,,,,,,,,,,1.9,3.58,3.69,,,,,,,
USA,MLS,USA,2026,2026-03-22,00:45,Austin FC,Los Angeles FC,0.0,0.0,D,,,0.0,True,,,,,,,,,,,,,4.26,3.77,1.74,,,,,,,
USA,MLS,USA,2026,2026-03-22,02:30,Vancouver Whitecaps,San Jose Earthquakes,0.0,1.0,A,,,1.0,False,,,,,,,,,,,,,1.56,4.14,5.12,,,,,,,
USA,MLS,USA,2026,2026-03-22,17:00,FC Cincinnati,CF Montreal,4.0,3.0,H,,,7.0,False,,,,,,,,,,,,,1.68,3.95,4.36,,,,,,,
USA,MLS,USA,2026,2026-03-22,17:00,New York City,Inter Miami,2.0,3.0,A,,,5.0,False,,,,,,,,,,,,,2.19,3.5,3.0,,,,,,,
USA,MLS,USA,2026,2026-03-22,18:30,Minnesota United,Seattle Sounders,0.0,0.0,D,,,0.0,True,,,,,,,,,,,,,2.37,3.35,2.81,,,,,,,
USA,MLS,USA,2026,2026-03-22,20:45,Portland Timbers,Los Angeles Galaxy,1.0,1.0,D,,,2.0,False,,,,,,,,,,,,,2.48,3.73,2.46,,,,,,,
USA,MLS,USA,2026,2026-03-22,23:00,San Diego FC,Real Salt Lake,2.0,2.0,D,,,4.0,False,,,,,,,,,,,,,1.75,3.99,3.88,,,,,,,
USA,MLS,USA,2026,2026-04-04,18:00,Toronto FC,Colorado Rapids,3.0,2.0,H,,,5.0,False,,,,,,,,,,,,,1.97,3.59,3.43,,,,,,,
USA,MLS,USA,2026,2026-04-04,21:30,New England Revolution,CF Montreal,3.0,0.0,H,,,3.0,False,,,,,,,,,,,,,1.89,3.63,3.66,,,,,,,
USA,MLS,USA,2026,2026-04-04,21:30,Real Salt Lake,Sporting Kansas City,3.0,1.0,H,,,4.0,False,,,,,,,,,,,,,1.26,5.88,8.97,,,,,,,
USA,MLS,USA,2026,2026-04-05,00:30,Atlanta Utd,Columbus Crew,1.0,3.0,A,,,4.0,False,,,,,,,,,,,,,2.83,3.48,2.29,,,,,,,
USA,MLS,USA,2026,2026-04-05,00:30,Charlotte,Philadelphia Union,2.0,1.0,H,,,3.0,False,,,,,,,,,,,,,2.17,3.5,3.0,,,,,,,
USA,MLS,USA,2026,2026-04-05,00:30,DC United,FC Dallas,0.0,4.0,A,,,4.0,False,,,,,,,,,,,,,2.18,3.4,3.07,,,,,,,
USA,MLS,USA,2026,2026-04-05,00:30,Inter Miami,Austin FC,2.0,2.0,D,,,4.0,False,,,,,,,,,,,,,1.34,5.08,7.37,,,,,,,
USA,MLS,USA,2026,2026-04-05,00:30,New York City,St. Louis City,1.0,1.0,D,,,2.0,False,,,,,,,,,,,,,1.72,3.73,4.33,,,,,,,
USA,MLS,USA,2026,2026-04-05,00:30,New York Red Bulls,FC Cincinnati,4.0,2.0,H,,,6.0,False,,,,,,,,,,,,,1.91,3.83,3.38,,,,,,,
USA,MLS,USA,2026,2026-04-05,01:30,Chicago Fire,Nashville SC,1.0,0.0,H,,,1.0,False,,,,,,,,,,,,,2.42,3.14,2.87,,,,,,,
USA,MLS,USA,2026,2026-04-05,01:30,Houston Dynamo,Seattle Sounders,0.0,1.0,A,,,1.0,False,,,,,,,,,,,,,2.4,3.43,2.69,,,,,,,
USA,MLS,USA,2026,2026-04-05,02:30,Los Angeles FC,Orlando City,6.0,0.0,H,,,6.0,False,,,,,,,,,,,,,1.27,5.82,8.44,,,,,,,
USA,MLS,USA,2026,2026-04-05,03:30,Los Angeles Galaxy,Minnesota United,1.0,2.0,A,,,3.0,False,,,,,,,,,,,,,1.89,3.76,3.5,,,,,,,
USA,MLS,USA,2026,2026-04-05,03:30,San Jose Earthquakes,San Diego FC,3.0,0.0,H,,,3.0,False,,,,,,,,,,,,,2.21,3.69,2.81,,,,,,,
USA,MLS,USA,2026,2026-04-05,03:30,Vancouver Whitecaps,Portland Timbers,3.0,2.0,H,,,5.0,False,,,,,,,,,,,,,1.28,5.72,8.34,,,,,,,
USA,MLS,USA,2026,2026-04-11,18:00,Toronto FC,FC Cincinnati,1.0,1.0,D,,,2.0,False,,,,,,,,,,,,,2.36,3.52,2.7,,,,,,,
USA,MLS,USA,2026,2026-04-11,19:30,Austin FC,Los Angeles Galaxy,1.0,2.0,A,,,3.0,False,,,,,,,,,,,,,2.33,3.54,2.73,,,,,,,
USA,MLS,USA,2026,2026-04-11,19:30,CF Montreal,Philadelphia Union,1.0,2.0,A,,,3.0,False,,,,,,,,,,,,,2.41,3.39,2.71,,,,,,,
USA,MLS,USA,2026,2026-04-11,21:45,Portland Timbers,Los Angeles FC,2.0,1.0,H,,,3.0,False,,,,,,,,,,,,,2.77,3.69,2.27,,,,,,,
USA,MLS,USA,2026,2026-04-12,00:30,Charlotte,Nashville SC,1.0,2.0,A,,,3.0,False,,,,,,,,,,,,,2.46,3.28,2.72,,,,,,,
USA,MLS,USA,2026,2026-04-12,00:30,Inter Miami,New York Red Bulls,2.0,2.0,D,,,4.0,False,,,,,,,,,,,,,1.4,4.97,6.16,,,,,,,
USA,MLS,USA,2026,2026-04-12,00:30,New England Revolution,DC United,1.0,0.0,H,,,1.0,False,,,,,,,,,,,,,1.94,3.33,3.78,,,,,,,
USA,MLS,USA,2026,2026-04-12,00:30,Vancouver Whitecaps,New York City,2.0,0.0,H,,,2.0,False,,,,,,,,,,,,,1.54,4.19,5.23,,,,,,,
USA,MLS,USA,2026,2026-04-12,01:30,Chicago Fire,Atlanta Utd,1.0,0.0,H,,,1.0,False,,,,,,,,,,,,,1.51,4.22,5.56,,,,,,,
USA,MLS,USA,2026,2026-04-12,01:30,FC Dallas,St. Louis City,1.0,1.0,D,,,2.0,False,,,,,,,,,,,,,2.02,3.72,3.18,,,,,,,
USA,MLS,USA,2026,2026-04-12,01:30,Sporting Kansas City,San Jose Earthquakes,1.0,3.0,A,,,4.0,False,,,,,,,,,,,,,3.95,4.13,1.72,,,,,,,
USA,MLS,USA,2026,2026-04-12,02:30,Colorado Rapids,Houston Dynamo,6.0,2.0,H,,,8.0,False,,,,,,,,,,,,,2.14,3.34,3.22,,,,,,,
USA,MLS,USA,2026,2026-04-12,03:30,San Diego FC,Minnesota United,1.0,2.0,A,,,3.0,False,,,,,,,,,,,,,1.85,3.74,3.71,,,,,,,
USA,MLS,USA,2026,2026-04-13,00:00,Columbus Crew,Orlando City,1.0,1.0,D,,,2.0,False,,,,,,,,,,,,,1.39,5.04,6.27,,,,,,,
USA,MLS,USA,2026,2026-04-18,03:30,Vancouver Whitecaps,Sporting Kansas City,3.0,0.0,H,,,3.0,False,,,,,,,,,,,,,1.1,9.3,17.07,,,,,,,
USA,MLS,USA,2026,2026-04-18,18:00,Toronto FC,Austin FC,3.0,3.0,D,,,6.0,False,,,,,,,,,,,,,2.09,3.28,3.39,,,,,,,
USA,MLS,USA,2026,2026-04-18,19:30,CF Montreal,New York Red Bulls,4.0,1.0,H,,,5.0,False,,,,,,,,,,,,,2.66,3.63,2.35,,,,,,,
USA,MLS,USA,2026,2026-04-18,21:30,Colorado Rapids,Inter Miami,2.0,3.0,A,,,5.0,False,,,,,,,,,,,,,2.8,3.78,2.18,,,,,,,
USA,MLS,USA,2026,2026-04-19,00:30,Atlanta Utd,Nashville SC,0.0,2.0,A,,,2.0,False,,,,,,,,,,,,,3.22,3.39,2.11,,,,,,,
USA,MLS,USA,2026,2026-04-19,00:30,FC Cincinnati,Chicago Fire,3.0,3.0,D,,,6.0,False,,,,,,,,,,,,,2.52,3.52,2.51,,,,,,,
USA,MLS,USA,2026,2026-04-19,00:30,New England Revolution,Columbus Crew,2.0,1.0,H,,,3.0,False,,,,,,,,,,,,,3,3.48,2.19,,,,,,,
USA,MLS,USA,2026,2026-04-19,00:30,New York City,Charlotte,1.0,2.0,A,,,3.0,False,,,,,,,,,,,,,1.77,3.67,4.11,,,,,,,
USA,MLS,USA,2026,2026-04-19,00:30,Orlando City,Houston Dynamo,0.0,1.0,A,,,1.0,False,,,,,,,,,,,,,2.62,3.76,2.32,,,,,,,
USA,MLS,USA,2026,2026-04-19,00:30,Philadelphia Union,DC United,0.0,0.0,D,,,0.0,True,,,,,,,,,,,,,1.76,3.47,4.51,,,,,,,
USA,MLS,USA,2026,2026-04-19,01:30,FC Dallas,Los Angeles Galaxy,2.0,2.0,D,,,4.0,False,,,,,,,,,,,,,2.01,3.61,3.29,,,,,,,
USA,MLS,USA,2026,2026-04-19,01:30,Minnesota United,Portland Timbers,2.0,0.0,H,,,2.0,False,,,,,,,,,,,,,1.73,3.86,4.01,,,,,,,
USA,MLS,USA,2026,2026-04-19,02:30,Real Salt Lake,San Diego FC,4.0,2.0,H,,,6.0,False,,,,,,,,,,,,,1.52,4.63,4.93,,,,,,,
USA,MLS,USA,2026,2026-04-19,02:30,Seattle Sounders,St. Louis City,4.0,1.0,H,,,5.0,False,,,,,,,,,,,,,1.82,3.64,3.98,,,,,,,
USA,MLS,USA,2026,2026-04-20,00:00,Los Angeles FC,San Jose Earthquakes,1.0,4.0,A,,,5.0,False,,,,,,,,,,,,,1.58,4.19,4.85,,,,,,,
USA,MLS,USA,2026,2026-04-23,00:30,Columbus Crew,Los Angeles Galaxy,2.0,1.0,H,,,3.0,False,,,,,,,,,,,,,1.65,3.98,4.55,,,,,,,
USA,MLS,USA,2026,2026-04-23,00:30,New York City,FC Cincinnati,4.0,4.0,D,,,8.0,False,,,,,,,,,,,,,1.81,3.84,3.74,,,,,,,
USA,MLS,USA,2026,2026-04-23,00:30,New York Red Bulls,DC United,4.0,4.0,D,,,8.0,False,,,,,,,,,,,,,1.83,3.69,3.82,,,,,,,
USA,MLS,USA,2026,2026-04-23,00:30,Orlando City,Charlotte,4.0,1.0,H,,,5.0,False,,,,,,,,,,,,,2.97,3.7,2.11,,,,,,,
USA,MLS,USA,2026,2026-04-23,00:30,Toronto FC,Philadelphia Union,3.0,3.0,D,,,6.0,False,,,,,,,,,,,,,2.78,3.37,2.37,,,,,,,
USA,MLS,USA,2026,2026-04-23,00:45,Atlanta Utd,New England Revolution,1.0,2.0,A,,,3.0,False,,,,,,,,,,,,,2.44,3.43,2.64,,,,,,,
USA,MLS,USA,2026,2026-04-23,01:30,FC Dallas,Minnesota United,0.0,1.0,A,,,1.0,False,,,,,,,,,,,,,1.99,3.67,3.28,,,,,,,
USA,MLS,USA,2026,2026-04-23,01:30,Houston Dynamo,San Diego FC,1.0,0.0,H,,,1.0,False,,,,,,,,,,,,,1.91,3.82,3.41,,,,,,,
USA,MLS,USA,2026,2026-04-23,02:30,Real Salt Lake,Inter Miami,0.0,2.0,A,,,2.0,False,,,,,,,,,,,,,2.11,3.9,2.85,,,,,,,
USA,MLS,USA,2026,2026-04-23,03:30,Los Angeles FC,Colorado Rapids,0.0,0.0,D,,,0.0,True,,,,,,,,,,,,,1.42,4.78,6.21,,,,,,,
USA,MLS,USA,2026,2026-04-23,03:30,San Jose Earthquakes,Austin FC,5.0,1.0,H,,,6.0,False,,,,,,,,,,,,,1.45,4.53,5.94,,,,,,,
USA,MLS,USA,2026,2026-04-25,18:00,Toronto FC,Atlanta Utd,1.0,2.0,A,,,3.0,False,,,,,,,,,,,,,1.77,3.74,4.0,,,,,,,
USA,MLS,USA,2026,2026-04-25,19:30,CF Montreal,New York City,1.0,0.0,H,,,1.0,False,,,,,,,,,,,,,2.81,3.42,2.31,,,,,,,
USA,MLS,USA,2026,2026-04-25,21:45,Minnesota United,Los Angeles FC,0.0,1.0,A,,,1.0,False,,,,,,,,,,,,,2.59,3.43,2.48,,,,,,,
USA,MLS,USA,2026,2026-04-26,00:30,Columbus Crew,Philadelphia Union,2.0,0.0,H,,,2.0,False,,,,,,,,,,,,,1.84,3.64,3.78,,,,,,,
USA,MLS,USA,2026,2026-04-26,00:30,DC United,Orlando City,3.0,2.0,H,,,5.0,False,,,,,,,,,,,,,1.73,3.73,4.19,,,,,,,
USA,MLS,USA,2026,2026-04-26,00:30,FC Cincinnati,New York Red Bulls,2.0,0.0,H,,,2.0,False,,,,,,,,,,,,,1.65,4.32,4.02,,,,,,,
USA,MLS,USA,2026,2026-04-26,00:30,Inter Miami,New England Revolution,1.0,1.0,D,,,2.0,False,,,,,,,,,,,,,1.41,4.86,6.02,,,,,,,
USA,MLS,USA,2026,2026-04-26,01:30,Austin FC,Houston Dynamo,2.0,0.0,H,,,2.0,False,,,,,,,,,,,,,2.65,3.37,2.43,,,,,,,
USA,MLS,USA,2026,2026-04-26,01:30,Chicago Fire,Sporting Kansas City,5.0,0.0,H,,,5.0,False,,,,,,,,,,,,,1.31,5.33,7.72,,,,,,,
USA,MLS,USA,2026,2026-04-26,01:30,Nashville SC,Charlotte,4.0,2.0,H,,,6.0,False,,,,,,,,,,,,,1.58,3.99,5.12,,,,,,,
USA,MLS,USA,2026,2026-04-26,01:30,St. Louis City,San Jose Earthquakes,2.0,3.0,A,,,5.0,False,,,,,,,,,,,,,2.04,3.76,3.06,,,,,,,
USA,MLS,USA,2026,2026-04-26,02:30,San Diego FC,Portland Timbers,1.0,2.0,A,,,3.0,False,,,,,,,,,,,,,1.58,4.36,4.57,,,,,,,
USA,MLS,USA,2026,2026-04-26,03:30,Seattle Sounders,FC Dallas,2.0,1.0,H,,,3.0,False,,,,,,,,,,,,,1.5,4.22,5.66,,,,,,,
USA,MLS,USA,2026,2026-04-26,03:30,Vancouver Whitecaps,Colorado Rapids,3.0,1.0,H,,,4.0,False,,,,,,,,,,,,,1.33,5.31,7.18,,,,,,,
USA,MLS,USA,2026,2026-04-27,00:00,Los Angeles Galaxy,Real Salt Lake,2.0,1.0,H,,,3.0,False,,,,,,,,,,,,,2.4,3.57,2.59,,,,,,,
USA,MLS,USA,2026,2026-05-02,18:00,Toronto FC,San Jose Earthquakes,1.0,1.0,D,,,2.0,False,,,,,,,,,,,,,3.64,3.81,1.82,,,,,,,
USA,MLS,USA,2026,2026-05-02,19:30,Sporting Kansas City,Seattle Sounders,1.0,1.0,D,,,2.0,False,,,,,,,,,,,,,5.28,4.28,1.52,,,,,,,
USA,MLS,USA,2026,2026-05-02,21:45,Real Salt Lake,Portland Timbers,2.0,0.0,H,,,2.0,False,,,,,,,,,,,,,1.43,4.8,5.73,,,,,,,
USA,MLS,USA,2026,2026-05-03,00:15,Inter Miami,Orlando City,3.0,4.0,A,,,7.0,False,,,,,,,,,,,,,1.27,6.03,8.09,,,,,,,
USA,MLS,USA,2026,2026-05-03,00:30,Atlanta Utd,CF Montreal,3.0,1.0,H,,,4.0,False,,,,,,,,,,,,,2.04,3.55,3.24,,,,,,,
USA,MLS,USA,2026,2026-05-03,00:30,Columbus Crew,Minnesota United,2.0,3.0,A,,,5.0,False,,,,,,,,,,,,,1.74,3.8,4.07,,,,,,,
USA,MLS,USA,2026,2026-05-03,00:30,New England Revolution,Charlotte,1.0,0.0,H,,,1.0,False,,,,,,,,,,,,,2.13,3.48,3.06,,,,,,,
USA,MLS,USA,2026,2026-05-03,00:30,New York Red Bulls,FC Dallas,0.0,2.0,A,,,2.0,False,,,,,,,,,,,,,2.37,3.76,2.53,,,,,,,
USA,MLS,USA,2026,2026-05-03,00:30,Philadelphia Union,Nashville SC,0.0,0.0,D,,,0.0,True,,,,,,,,,,,,,2.12,3.37,3.18,,,,,,,
USA,MLS,USA,2026,2026-05-03,01:30,Chicago Fire,FC Cincinnati,2.0,3.0,A,,,5.0,False,,,,,,,,,,,,,1.67,4.19,4.07,,,,,,,
USA,MLS,USA,2026,2026-05-03,01:30,Houston Dynamo,Colorado Rapids,1.0,0.0,H,,,1.0,False,,,,,,,,,,,,,1.88,3.71,3.54,,,,,,,
USA,MLS,USA,2026,2026-05-03,02:30,San Diego FC,Los Angeles FC,2.0,2.0,D,,,4.0,False,,,,,,,,,,,,,2.45,3.64,2.49,,,,,,,
USA,MLS,USA,2026,2026-05-03,03:30,Los Angeles Galaxy,Vancouver Whitecaps,1.0,1.0,D,,,2.0,False,,,,,,,,,,,,,3.64,3.9,1.82,,,,,,,
USA,MLS,USA,2026,2026-05-03,20:00,New York City,DC United,0.0,2.0,A,,,2.0,False,,,,,,,,,,,,,1.77,3.57,4.22,,,,,,,
USA,MLS,USA,2026,2026-05-03,22:30,Austin FC,St. Louis City,2.0,0.0,H,,,2.0,False,,,,,,,,,,,,,2.49,3.47,2.55,,,,,,,
USA,MLS,USA,2026,2026-05-09,18:00,Toronto FC,Inter Miami,2.0,4.0,A,,,6.0,False,,,,,,,,,,,,,4.52,4.34,1.59,,,,,,,
USA,MLS,USA,2026,2026-05-09,19:30,Chicago Fire,New York Red Bulls,1.0,3.0,A,,,4.0,False,,,,,,,,,,,,,1.46,4.75,5.42,,,,,,,
USA,MLS,USA,2026,2026-05-09,21:30,CF Montreal,Orlando City,2.0,0.0,H,,,2.0,False,,,,,,,,,,,,,1.92,3.73,3.36,,,,,,,
USA,MLS,USA,2026,2026-05-10,00:30,Atlanta Utd,Los Angeles Galaxy,1.0,2.0,A,,,3.0,False,,,,,,,,,,,,,2.26,3.54,2.8,,,,,,,
USA,MLS,USA,2026,2026-05-10,00:30,Charlotte,FC Cincinnati,2.0,2.0,D,,,4.0,False,,,,,,,,,,,,,2.13,3.71,2.91,,,,,,,
USA,MLS,USA,2026,2026-05-10,00:30,New England Revolution,Philadelphia Union,2.0,1.0,H,,,3.0,False,,,,,,,,,,,,,2.52,3.31,2.6,,,,,,,
USA,MLS,USA,2026,2026-05-10,01:30,FC Dallas,Real Salt Lake,3.0,1.0,H,,,4.0,False,,,,,,,,,,,,,2.17,3.71,2.84,,,,,,,
USA,MLS,USA,2026,2026-05-10,02:15,Nashville SC,DC United,2.0,2.0,D,,,4.0,False,,,,,,,,,,,,,1.72,3.64,4.51,,,,,,,
USA,MLS,USA,2026,2026-05-10,02:30,Colorado Rapids,St. Louis City,0.0,1.0,A,,,1.0,False,,,,,,,,,,,,,1.92,3.73,3.39,,,,,,,
USA,MLS,USA,2026,2026-05-10,03:30,Portland Timbers,Sporting Kansas City,6.0,0.0,H,,,6.0,False,,,,,,,,,,,,,1.47,4.73,5.24,,,,,,,
USA,MLS,USA,2026,2026-05-10,03:30,San Jose Earthquakes,Vancouver Whitecaps,1.0,1.0,D,,,2.0,False,,,,,,,,,,,,,3.16,3.65,2.03,,,,,,,
USA,MLS,USA,2026,2026-05-10,03:30,Seattle Sounders,San Diego FC,1.0,1.0,D,,,2.0,False,,,,,,,,,,,,,1.54,4.41,4.92,,,,,,,
USA,MLS,USA,2026,2026-05-10,21:30,New York City,Columbus Crew,3.0,0.0,H,,,3.0,False,,,,,,,,,,,,,2.39,3.52,2.63,,,,,,,
USA,MLS,USA,2026,2026-05-11,00:00,Minnesota United,Austin FC,2.0,2.0,D,,,4.0,False,,,,,,,,,,,,,1.7,3.89,4.29,,,,,,,
USA,MLS,USA,2026,2026-05-11,02:00,Los Angeles FC,Houston Dynamo,1.0,4.0,A,,,5.0,False,,,,,,,,,,,,,1.66,3.84,4.51,,,,,,,
USA,MLS,USA,2026,2026-05-14,00:15,Charlotte,New York City,0.0,1.0,A,,,1.0,False,,,,,,,,,,,,,2.46,3.51,2.57,,,,,,,
USA,MLS,USA,2026,2026-05-14,00:30,CF Montreal,Portland Timbers,2.0,2.0,D,,,4.0,False,,,,,,,,,,,,,2.1,3.66,3.0,,,,,,,
USA,MLS,USA,2026,2026-05-14,00:30,DC United,Chicago Fire,1.0,3.0,A,,,4.0,False,,,,,,,,,,,,,2.82,3.54,2.25,,,,,,,
USA,MLS,USA,2026,2026-05-14,00:30,FC Cincinnati,Inter Miami,3.0,5.0,A,,,8.0,False,,,,,,,,,,,,,2.92,4.08,2.02,,,,,,,
USA,MLS,USA,2026,2026-05-14,00:30,New England Revolution,Nashville SC,0.0,3.0,A,,,3.0,False,,,,,,,,,,,,,2.77,3.33,2.37,,,,,,,
USA,MLS,USA,2026,2026-05-14,00:30,New York Red Bulls,Columbus Crew,3.0,2.0,H,,,5.0,False,,,,,,,,,,,,,2.58,3.73,2.34,,,,,,,
USA,MLS,USA,2026,2026-05-14,00:30,Orlando City,Philadelphia Union,4.0,3.0,H,,,7.0,False,,,,,,,,,,,,,2.31,3.66,2.65,,,,,,,
USA,MLS,USA,2026,2026-05-14,01:30,FC Dallas,Vancouver Whitecaps,2.0,3.0,A,,,5.0,False,,,,,,,,,,,,,3.61,3.5,1.92,,,,,,,
USA,MLS,USA,2026,2026-05-14,01:30,Minnesota United,Colorado Rapids,0.0,1.0,A,,,1.0,False,,,,,,,,,,,,,1.67,3.96,4.39,,,,,,,
USA,MLS,USA,2026,2026-05-14,01:30,Sporting Kansas City,Los Angeles Galaxy,3.0,1.0,H,,,4.0,False,,,,,,,,,,,,,3.85,3.99,1.75,,,,,,,
USA,MLS,USA,2026,2026-05-14,01:30,St. Louis City,Los Angeles FC,2.0,1.0,H,,,3.0,False,,,,,,,,,,,,,2.65,3.59,2.35,,,,,,,
USA,MLS,USA,2026,2026-05-14,02:30,Real Salt Lake,Houston Dynamo,3.0,0.0,H,,,3.0,False,,,,,,,,,,,,,1.68,3.84,4.44,,,,,,,
USA,MLS,USA,2026,2026-05-14,02:30,San Diego FC,Austin FC,5.0,0.0,H,,,5.0,False,,,,,,,,,,,,,1.68,4.19,4.08,,,,,,,
USA,MLS,USA,2026,2026-05-14,02:30,Seattle Sounders,San Jose Earthquakes,3.0,2.0,H,,,5.0,False,,,,,,,,,,,,,1.45,4.66,5.77,,,,,,,
USA,MLS,USA,2026,2026-05-16,21:30,CF Montreal,Chicago Fire,0.0,2.0,A,,,2.0,False,,,,,,,,,,,,,2.71,3.64,2.28,,,,,,,
USA,MLS,USA,2026,2026-05-17,00:30,Charlotte,Toronto FC,3.0,1.0,H,,,4.0,False,,,,,,,,,,,,,1.69,3.87,4.33,,,,,,,
USA,MLS,USA,2026,2026-05-17,00:30,DC United,St. Louis City,1.0,1.0,D,,,2.0,False,,,,,,,,,,,,,2.07,3.52,3.17,,,,,,,
USA,MLS,USA,2026,2026-05-17,00:30,New England Revolution,Minnesota United,2.0,1.0,H,,,3.0,False,,,,,,,,,,,,,2.39,3.45,2.66,,,,,,,
USA,MLS,USA,2026,2026-05-17,00:30,New York Red Bulls,New York City,1.0,1.0,D,,,2.0,False,,,,,,,,,,,,,2.6,3.63,2.37,,,,,,,
USA,MLS,USA,2026,2026-05-17,00:30,Orlando City,Atlanta Utd,1.0,1.0,D,,,2.0,False,,,,,,,,,,,,,2.06,3.71,3.05,,,,,,,
USA,MLS,USA,2026,2026-05-17,00:30,Philadelphia Union,Columbus Crew,1.0,1.0,D,,,2.0,False,,,,,,,,,,,,,2.3,3.56,2.73,,,,,,,
USA,MLS,USA,2026,2026-05-17,01:30,Austin FC,Sporting Kansas City,1.0,2.0,A,,,3.0,False,,,,,,,,,,,,,1.53,4.41,4.98,,,,,,,
USA,MLS,USA,2026,2026-05-17,01:30,Houston Dynamo,Vancouver Whitecaps,1.0,0.0,H,,,1.0,False,,,,,,,,,,,,,3.43,3.7,1.91,,,,,,,
USA,MLS,USA,2026,2026-05-17,02:15,Seattle Sounders,Los Angeles Galaxy,0.0,2.0,A,,,2.0,False,,,,,,,,,,,,,1.68,4.06,4.2,,,,,,,
USA,MLS,USA,2026,2026-05-17,02:30,Real Salt Lake,Colorado Rapids,2.0,1.0,H,,,3.0,False,,,,,,,,,,,,,1.69,3.97,4.18,,,,,,,
USA,MLS,USA,2026,2026-05-17,02:30,San Diego FC,FC Cincinnati,3.0,3.0,D,,,6.0,False,,,,,,,,,,,,,1.88,4.14,3.24,,,,,,,
USA,MLS,USA,2026,2026-05-17,03:30,San Jose Earthquakes,FC Dallas,2.0,3.0,A,,,5.0,False,,,,,,,,,,,,,1.99,3.63,3.26,,,,,,,
USA,MLS,USA,2026,2026-05-17,23:00,Inter Miami,Portland Timbers,2.0,0.0,H,,,2.0,False,,,,,,,,,,,,,1.29,6.06,7.17,,,,,,,
USA,MLS,USA,2026,2026-05-18,01:00,Nashville SC,Los Angeles FC,3.0,2.0,H,,,5.0,False,,,,,,,,,,,,,2.2,3.45,2.94,,,,,,,
USA,MLS,USA,2026,2026-05-23,19:45,St. Louis City,Austin FC,3.0,0.0,H,,,3.0,False,,,,,,,,,,,,,1.69,3.93,4.28,,,,,,,
USA,MLS,USA,2026,2026-05-23,21:30,Minnesota United,Real Salt Lake,1.0,1.0,D,,,2.0,False,,,,,,,,,,,,,2.05,3.58,3.18,,,,,,,
USA,MLS,USA,2026,2026-05-24,00:30,Charlotte,New England Revolution,1.0,0.0,H,,,1.0,False,,,,,,,,,,,,,1.83,3.68,3.78,,,,,,,
USA,MLS,USA,2026,2026-05-24,00:30,DC United,CF Montreal,4.0,4.0,D,,,8.0,False,,,,,,,,,,,,,1.96,3.62,3.39,,,,,,,
USA,MLS,USA,2026,2026-05-24,00:30,FC Cincinnati,Orlando City,6.0,2.0,H,,,8.0,False,,,,,,,,,,,,,1.69,4.38,3.83,,,,,,,
USA,MLS,USA,2026,2026-05-24,01:30,Chicago Fire,Toronto FC,2.0,1.0,H,,,3.0,False,,,,,,,,,,,,,1.4,4.74,6.62,,,,,,,
USA,MLS,USA,2026,2026-05-24,01:30,Nashville SC,New York City,2.0,1.0,H,,,3.0,False,,,,,,,,,,,,,1.85,3.59,3.82,,,,,,,
USA,MLS,USA,2026,2026-05-24,01:30,Sporting Kansas City,New York Red Bulls,1.0,2.0,A,,,3.0,False,,,,,,,,,,,,,2.76,3.91,2.15,,,,,,,
USA,MLS,USA,2026,2026-05-24,02:30,Colorado Rapids,FC Dallas,1.0,2.0,A,,,3.0,False,,,,,,,,,,,,,2.17,3.64,2.88,,,,,,,
USA,MLS,USA,2026,2026-05-24,02:30,Portland Timbers,San Jose Earthquakes,1.0,3.0,A,,,4.0,False,,,,,,,,,,,,,2.36,3.94,2.46,,,,,,,
USA,MLS,USA,2026,2026-05-24,02:30,San Diego FC,Vancouver Whitecaps,2.0,4.0,A,,,6.0,False,,,,,,,,,,,,,3.1,3.99,1.96,,,,,,,
USA,MLS,USA,2026,2026-05-24,03:30,Los Angeles Galaxy,Houston Dynamo,1.0,1.0,D,,,2.0,False,,,,,,,,,,,,,2.16,3.57,2.94,,,,,,,
USA,MLS,USA,2026,2026-05-24,22:00,Columbus Crew,Atlanta Utd,2.0,0.0,H,,,2.0,False,,,,,,,,,,,,,1.57,4.17,4.91,,,,,,,
USA,MLS,USA,2026,2026-05-25,00:00,Inter Miami,Philadelphia Union,6.0,4.0,H,,,10.0,False,,,,,,,,,,,,,1.34,5.45,6.59,,,,,,,
USA,MLS,USA,2026,2026-05-25,02:15,Los Angeles FC,Seattle Sounders,1.0,0.0,H,,,1.0,False,,,,,,,,,,,,,1.92,3.76,3.4,,,,,,,
USA,MLS,USA,2026,2026-07-17,00:30,CF Montreal,Toronto FC,0.0,0.0,D,,,0.0,True,,,,,,,,,,,,,2.2,3.55,2.88,,,,,,,
USA,MLS,USA,2026,2026-07-17,01:30,St. Louis City,Sporting Kansas City,3.0,2.0,H,,,5.0,False,,,,,,,,,,,,,1.43,4.77,5.82,,,,,,,
USA,MLS,USA,2026,2026-07-17,03:30,Seattle Sounders,Portland Timbers,1.0,5.0,A,,,6.0,False,,,,,,,,,,,,,1.49,4.54,5.15,,,,,,,
USA,MLS,USA,2026,2026-07-18,01:10,Nashville SC,Atlanta Utd,1.0,0.0,H,,,1.0,False,,,,,,,,,,,,,1.54,4.17,5.22,,,,,,,
USA,MLS,USA,2026,2026-07-18,03:25,Los Angeles Galaxy,Los Angeles FC,0.0,3.0,A,,,3.0,False,,,,,,,,,,,,,3.04,3.67,2.08,,,,,,,
USA,MLS,USA,2026,2026-07-23,00:30,Columbus Crew,New York City,1.0,2.0,A,,,3.0,False,,,,,,,,,,,,,2.18,3.37,3.04,,,,,,,
USA,MLS,USA,2026,2026-07-23,00:30,FC Cincinnati,Vancouver Whitecaps,4.0,3.0,H,,,7.0,False,,,,,,,,,,,,,3.37,3.97,1.87,,,,,,,
USA,MLS,USA,2026,2026-07-23,00:30,Inter Miami,Chicago Fire,3.0,2.0,H,,,5.0,False,,,,,,,,,,,,,2.42,3.94,2.39,,,,,,,
USA,MLS,USA,2026,2026-07-23,00:30,New England Revolution,Toronto FC,0.0,0.0,D,,,0.0,True,,,,,,,,,,,,,1.93,3.59,3.47,,,,,,,
USA,MLS,USA,2026,2026-07-23,00:30,Philadelphia Union,New York Red Bulls,3.0,1.0,H,,,4.0,False,,,,,,,,,,,,,1.69,4.16,4.02,,,,,,,
USA,MLS,USA,2026,2026-07-23,01:15,Charlotte,Atlanta Utd,2.0,2.0,D,,,4.0,False,,,,,,,,,,,,,2.1,3.44,3.18,,,,,,,
USA,MLS,USA,2026,2026-07-23,01:30,Houston Dynamo,DC United,1.0,1.0,D,,,2.0,False,,,,,,,,,,,,,1.74,3.76,4.14,,,,,,,
USA,MLS,USA,2026,2026-07-23,01:30,Nashville SC,CF Montreal,1.0,0.0,H,,,1.0,False,,,,,,,,,,,,,1.51,4.12,5.7,,,,,,,
USA,MLS,USA,2026,2026-07-23,01:30,Sporting Kansas City,Minnesota United,2.0,1.0,H,,,3.0,False,,,,,,,,,,,,,2.96,3.67,2.12,,,,,,,
USA,MLS,USA,2026,2026-07-23,02:30,Austin FC,Seattle Sounders,3.0,1.0,H,,,4.0,False,,,,,,,,,,,,,2.53,3.46,2.5,,,,,,,
USA,MLS,USA,2026,2026-07-23,02:30,Colorado Rapids,San Diego FC,1.0,0.0,H,,,1.0,False,,,,,,,,,,,,,1.89,3.84,3.4,,,,,,,
USA,MLS,USA,2026,2026-07-23,03:30,Los Angeles FC,Real Salt Lake,3.0,1.0,H,,,4.0,False,,,,,,,,,,,,,1.68,4.01,4.21,,,,,,,
USA,MLS,USA,2026,2026-07-23,03:30,Los Angeles Galaxy,St. Louis City,1.0,3.0,A,,,4.0,False,,,,,,,,,,,,,2.15,3.58,2.96,,,,,,,
USA,MLS,USA,2026,2026-07-23,03:30,Portland Timbers,FC Dallas,2.0,2.0,D,,,4.0,False,,,,,,,,,,,,,2.15,3.75,2.84,,,,,,,
USA,MLS,USA,2026,2026-07-23,03:30,San Jose Earthquakes,Orlando City,0.0,4.0,A,,,4.0,False,,,,,,,,,,,,,1.61,4.47,4.19,,,,,,,
USA,MLS,USA,2026,2026-07-25,23:30,New York Red Bulls,Charlotte,0.0,2.0,A,,,2.0,False,,,,,,,,,,,,,2.17,3.78,2.79,,,,,,,
USA,MLS,USA,2026,2026-07-26,00:15,Columbus Crew,FC Cincinnati,2.0,1.0,H,,,3.0,False,,,,,,,,,,,,,2.08,3.75,2.95,,,,,,,
USA,MLS,USA,2026,2026-07-26,00:30,CF Montreal,Inter Miami,0.0,1.0,A,,,1.0,False,,,,,,,,,,,,,2.96,3.99,2.02,,,,,,,
USA,MLS,USA,2026,2026-07-26,00:30,DC United,Toronto FC,2.0,1.0,H,,,3.0,False,,,,,,,,,,,,,1.99,3.54,3.37,,,,,,,
USA,MLS,USA,2026,2026-07-26,00:30,New England Revolution,Atlanta Utd,4.0,1.0,H,,,5.0,False,,,,,,,,,,,,,2.14,3.52,3.04,,,,,,,
USA,MLS,USA,2026,2026-07-26,00:30,New York City,Chicago Fire,3.0,1.0,H,,,4.0,False,,,,,,,,,,,,,2.35,3.59,2.63,,,,,,,
USA,MLS,USA,2026,2026-07-26,00:30,Orlando City,Nashville SC,1.0,0.0,H,,,1.0,False,,,,,,,,,,,,,2.55,3.65,2.39,,,,,,,
USA,MLS,USA,2026,2026-07-26,00:30,Philadelphia Union,Seattle Sounders,1.0,0.0,H,,,1.0,False,,,,,,,,,,,,,1.71,3.95,4.06,,,,,,,
USA,MLS,USA,2026,2026-07-26,01:30,Houston Dynamo,Austin FC,3.0,0.0,H,,,3.0,False,,,,,,,,,,,,,1.68,3.83,4.43,,,,,,,
USA,MLS,USA,2026,2026-07-26,01:30,Minnesota United,Vancouver Whitecaps,0.0,0.0,D,,,0.0,True,,,,,,,,,,,,,3.24,3.73,1.98,,,,,,,
USA,MLS,USA,2026,2026-07-26,01:30,St. Louis City,Colorado Rapids,1.0,0.0,H,,,1.0,False,,,,,,,,,,,,,1.92,3.67,3.47,,,,,,,
USA,MLS,USA,2026,2026-07-26,02:30,San Diego FC,FC Dallas,1.0,0.0,H,,,1.0,False,,,,,,,,,,,,,2.21,3.74,2.74,,,,,,,
USA,MLS,USA,2026,2026-07-26,03:30,Los Angeles FC,Sporting Kansas City,4.0,0.0,H,,,4.0,False,,,,,,,,,,,,,1.23,6.5,9.15,,,,,,,
USA,MLS,USA,2026,2026-07-26,03:30,Portland Timbers,Real Salt Lake,2.0,1.0,H,,,3.0,False,,,,,,,,,,,,,2.64,3.91,2.21,,,,,,,
USA,MLS,USA,2026,2026-07-26,03:30,San Jose Earthquakes,Los Angeles Galaxy,1.0,1.0,D,,,2.0,False,,,,,,,,,,,,,2.01,3.78,3.12,,,,,,,
USA,MLS,USA,2026,2026-08-01,00:30,New York City,Toronto FC,1.0,1.0,D,,,2.0,False,,,,,,,,,,,,,1.66,3.93,4.46,,,,,,,
USA,MLS,USA,2026,2026-08-02,00:30,CF Montreal,New England Revolution,2.0,2.0,D,,,4.0,False,,,,,,,,,,,,,2.07,3.52,3.18,,,,,,,
USA,MLS,USA,2026,2026-08-02,00:30,DC United,Nashville SC,2.0,2.0,D,,,4.0,False,,,,,,,,,,,,,2.8,3.38,2.34,,,,,,,
USA,MLS,USA,2026,2026-08-02,00:30,FC Cincinnati,San Jose Earthquakes,4.0,2.0,H,,,6.0,False,,,,,,,,,,,,,1.84,4.13,3.39,,,,,,,
USA,MLS,USA,2026,2026-08-02,00:30,Inter Miami,Columbus Crew,2.0,2.0,D,,,4.0,False,,,,,,,,,,,,,1.58,4.28,4.66,,,,,,,
USA,MLS,USA,2026,2026-08-02,00:30,New York Red Bulls,Orlando City,3.0,2.0,H,,,5.0,False,,,,,,,,,,,,,2.35,3.97,2.47,,,,,,,
USA,MLS,USA,2026,2026-08-02,00:30,Philadelphia Union,Atlanta Utd,3.0,2.0,H,,,5.0,False,,,,,,,,,,,,,1.56,4.16,5.0,,,,,,,
USA,MLS,USA,2026,2026-08-02,00:30,Vancouver Whitecaps,Los Angeles FC,1.0,1.0,D,,,2.0,False,,,,,,,,,,,,,1.72,4.08,3.91,,,,,,,
USA,MLS,USA,2026,2026-08-02,01:30,Chicago Fire,Charlotte,2.0,1.0,H,,,3.0,False,,,,,,,,,,,,,1.5,4.46,5.24,,,,,,,
USA,MLS,USA,2026,2026-08-02,01:30,Minnesota United,San Diego FC,1.0,1.0,D,,,2.0,False,,,,,,,,,,,,,1.97,3.74,3.27,,,,,,,
USA,MLS,USA,2026,2026-08-02,01:30,Sporting Kansas City,Houston Dynamo,0.0,2.0,A,,,2.0,False,,,,,,,,,,,,,3.16,3.5,2.09,,,,,,,
USA,MLS,USA,2026,2026-08-02,01:30,St. Louis City,Real Salt Lake,1.0,1.0,D,,,2.0,False,,,,,,,,,,,,,1.92,3.79,3.36,,,,,,,
USA,MLS,USA,2026,2026-08-02,02:30,Colorado Rapids,Austin FC,1.0,0.0,H,,,1.0,False,,,,,,,,,,,,,1.74,3.76,4.16,,,,,,,
USA,MLS,USA,2026,2026-08-02,03:30,Los Angeles Galaxy,FC Dallas,0.0,0.0,D,,,0.0,True,,,,,,,,,,,,,2.32,3.63,2.66,,,,,,,
USA,MLS,USA,2026,2026-08-02,03:45,Portland Timbers,Seattle Sounders,2.0,1.0,H,,,3.0,False,,,,,,,,,,,,,1.98,3.89,3.13,,,,,,,
USA,MLS,USA,2026,2026-08-08,21:30,New England Revolution,Houston Dynamo,0.0,2.0,A,,,2.0,False,,,,,,,,,,,,,2.43,3.51,2.59,,,,,,,
USA,MLS,USA,2026,2026-08-16,00:30,Atlanta Utd,New York Red Bulls,2.0,1.0,H,,,3.0,False,,,,,,,,,,,,,2.04,3.9,3.02,,,,,,,
USA,MLS,USA,2026,2026-08-16,00:30,CF Montreal,DC United,1.0,1.0,D,,,2.0,False,,,,,,,,,,,,,2.11,3.6,3.08,,,,,,,
USA,MLS,USA,2026,2026-08-16,00:30,Charlotte,Columbus Crew,3.0,1.0,H,,,4.0,False,,,,,,,,,,,,,2.06,3.67,3.13,,,,,,,
USA,MLS,USA,2026,2026-08-16,00:30,Orlando City,FC Cincinnati,1.0,1.0,D,,,2.0,False,,,,,,,,,,,,,2.47,4.05,2.34,,,,,,,
USA,MLS,USA,2026,2026-08-16,00:30,Toronto FC,New England Revolution,2.0,1.0,H,,,3.0,False,,,,,,,,,,,,,2.16,3.59,2.99,,,,,,,
USA,MLS,USA,2026,2026-08-16,01:30,Houston Dynamo,Los Angeles Galaxy,1.0,0.0,H,,,1.0,False,,,,,,,,,,,,,1.63,4.03,4.7,,,,,,,
USA,MLS,USA,2026,2026-08-16,01:30,Nashville SC,Inter Miami,4.0,1.0,H,,,5.0,False,,,,,,,,,,,,,2.4,3.71,2.56,,,,,,,
USA,MLS,USA,2026,2026-08-16,02:30,Colorado Rapids,Sporting Kansas City,2.0,0.0,H,,,2.0,False,,,,,,,,,,,,,1.45,4.62,5.9,,,,,,,
USA,MLS,USA,2026,2026-08-16,02:30,Real Salt Lake,Minnesota United,1.0,1.0,D,,,2.0,False,,,,,,,,,,,,,1.84,3.75,3.72,,,,,,,
USA,MLS,USA,2026,2026-08-16,03:30,Los Angeles FC,San Diego FC,0.0,1.0,A,,,1.0,False,,,,,,,,,,,,,1.58,4.34,4.63,,,,,,,
USA,MLS,USA,2026,2026-08-16,03:30,San Jose Earthquakes,St. Louis City,1.0,3.0,A,,,4.0,False,,,,,,,,,,,,,2.09,3.81,2.99,,,,,,,
USA,MLS,USA,2026,2026-08-16,23:00,Chicago Fire,Portland Timbers,2.0,1.0,H,,,3.0,False,,,,,,,,,,,,,1.65,4.27,4.26,,,,,,,
USA,MLS,USA,2026,2026-08-16,23:00,New York City,Philadelphia Union,2.0,3.0,A,,,5.0,False,,,,,,,,,,,,,2.7,3.58,2.33,,,,,,,
USA,MLS,USA,2026,2026-08-17,01:30,Austin FC,FC Dallas,1.0,2.0,A,,,3.0,False,,,,,,,,,,,,,2.72,3.52,2.35,,,,,,,
USA,MLS,USA,2026,2026-08-17,03:30,Seattle Sounders,Vancouver Whitecaps,0.0,2.0,A,,,2.0,False,,,,,,,,,,,,,3.66,3.81,1.84,,,,,,,
USA,MLS,USA,2026,2026-08-20,00:30,Columbus Crew,CF Montreal,1.0,2.0,A,,,3.0,False,,,,,,,,,,,,,1.67,4.0,4.44,,,,,,,
USA,MLS,USA,2026,2026-08-20,00:30,DC United,New England Revolution,0.0,3.0,A,,,3.0,False,,,,,,,,,,,,,2.46,3.58,2.56,,,,,,,
USA,MLS,USA,2026,2026-08-20,00:30,FC Cincinnati,New York City,2.0,1.0,H,,,3.0,False,,,,,,,,,,,,,1.84,4.01,3.47,,,,,,,
USA,MLS,USA,2026,2026-08-20,00:30,New York Red Bulls,Nashville SC,0.0,1.0,A,,,1.0,False,,,,,,,,,,,,,2.59,3.71,2.39,,,,,,,
USA,MLS,USA,2026,2026-08-20,00:30,Orlando City,Chicago Fire,1.0,2.0,A,,,3.0,False,,,,,,,,,,,,,2.59,3.86,2.31,,,,,,,
USA,MLS,USA,2026,2026-08-20,00:30,Philadelphia Union,Inter Miami,2.0,2.0,D,,,4.0,False,,,,,,,,,,,,,2.26,4.17,2.53,,,,,,,
USA,MLS,USA,2026,2026-08-20,00:30,Toronto FC,Charlotte,3.0,3.0,D,,,6.0,False,,,,,,,,,,,,,2.27,3.64,2.77,,,,,,,
USA,MLS,USA,2026,2026-08-20,01:00,Sporting Kansas City,St. Louis City,1.0,1.0,D,,,2.0,False,,,,,,,,,,,,,3.71,3.87,1.83,,,,,,,
USA,MLS,USA,2026,2026-08-20,01:30,Minnesota United,Atlanta Utd,1.0,2.0,A,,,3.0,False,,,,,,,,,,,,,1.67,3.97,4.43,,,,,,,
USA,MLS,USA,2026,2026-08-20,02:30,Colorado Rapids,Los Angeles FC,1.0,0.0,H,,,1.0,False,,,,,,,,,,,,,2.07,3.61,3.14,,,,,,,
USA,MLS,USA,2026,2026-08-20,02:30,Real Salt Lake,FC Dallas,3.0,4.0,A,,,7.0,False,,,,,,,,,,,,,1.94,3.73,3.4,,,,,,,
USA,MLS,USA,2026,2026-08-20,02:30,Seattle Sounders,Austin FC,1.0,2.0,A,,,3.0,False,,,,,,,,,,,,,1.52,4.27,5.34,,,,,,,
USA,MLS,USA,2026,2026-08-20,03:30,Los Angeles Galaxy,San Jose Earthquakes,1.0,0.0,H,,,1.0,False,,,,,,,,,,,,,1.74,4.21,3.78,,,,,,,
USA,MLS,USA,2026,2026-08-20,03:30,Portland Timbers,San Diego FC,3.0,1.0,H,,,4.0,False,,,,,,,,,,,,,1.83,4.13,3.47,,,,,,,
USA,MLS,USA,2026,2026-08-20,03:30,Vancouver Whitecaps,Houston Dynamo,0.0,1.0,A,,,1.0,False,,,,,,,,,,,,,1.56,4.16,5.16,,,,,,,
USA,MLS,USA,2026,2026-08-23,00:30,CF Montreal,Los Angeles Galaxy,2.0,2.0,D,,,4.0,False,,,,,,,,,,,,,1.89,3.73,3.58,,,,,,,
USA,MLS,USA,2026,2026-08-23,00:30,Charlotte,DC United,3.0,1.0,H,,,4.0,False,,,,,,,,,,,,,1.75,3.83,4.03,,,,,,,
USA,MLS,USA,2026,2026-08-23,00:30,FC Cincinnati,Seattle Sounders,1.0,1.0,D,,,2.0,False,,,,,,,,,,,,,1.55,4.49,4.75,,,,,,,
USA,MLS,USA,2026,2026-08-23,00:30,Inter Miami,Toronto FC,1.0,2.0,A,,,3.0,False,,,,,,,,,,,,,1.32,5.67,6.8,,,,,,,
USA,MLS,USA,2026,2026-08-23,00:30,New York Red Bulls,Chicago Fire,1.0,1.0,D,,,2.0,False,,,,,,,,,,,,,2.43,3.88,2.46,,,,,,,
USA,MLS,USA,2026,2026-08-23,00:30,Orlando City,Real Salt Lake,2.0,1.0,H,,,3.0,False,,,,,,,,,,,,,1.76,4.14,3.74,,,,,,,
USA,MLS,USA,2026,2026-08-23,01:30,Nashville SC,Columbus Crew,3.0,2.0,H,,,5.0,False,,,,,,,,,,,,,1.65,3.87,4.66,,,,,,,
USA,MLS,USA,2026,2026-08-23,01:30,St. Louis City,Houston Dynamo,2.0,1.0,H,,,3.0,False,,,,,,,,,,,,,2.14,3.41,3.14,,,,,,,
USA,MLS,USA,2026,2026-08-23,02:00,Austin FC,Philadelphia Union,1.0,1.0,D,,,2.0,False,,,,,,,,,,,,,4.26,3.98,1.69,,,,,,,
USA,MLS,USA,2026,2026-08-23,02:30,Vancouver Whitecaps,FC Dallas,5.0,0.0,H,,,5.0,False,,,,,,,,,,,,,1.34,5.22,7.09,,,,,,,
USA,MLS,USA,2026,2026-08-23,03:30,Los Angeles FC,Portland Timbers,1.0,1.0,D,,,2.0,False,,,,,,,,,,,,,1.61,4.15,4.56,,,,,,,
USA,MLS,USA,2026,2026-08-23,03:30,San Diego FC,Colorado Rapids,3.0,0.0,H,,,3.0,False,,,,,,,,,,,,,1.99,3.7,3.25,,,,,,,
USA,MLS,USA,2026,2026-08-23,03:30,San Jose Earthquakes,Minnesota United,1.0,5.0,A,,,6.0,False,,,,,,,,,,,,,2.32,3.72,2.63,,,,,,,
USA,MLS,USA,2026,2026-08-23,21:30,New England Revolution,New York City,1.0,1.0,D,,,2.0,False,,,,,,,,,,,,,2.14,3.54,3.0,,,,,,,
USA,MLS,USA,2026,2026-08-24,00:00,Atlanta Utd,Sporting Kansas City,2.0,1.0,H,,,3.0,False,,,,,,,,,,,,,1.64,4.06,4.47,,,,,,,
USA,MLS,USA,2026,2026-08-29,21:30,Seattle Sounders,Chicago Fire,2.0,2.0,D,,,4.0,False,,,,,,,,,,,,,2.78,3.72,2.24,,,,,,,
USA,MLS,USA,2026,2026-08-30,00:30,Atlanta Utd,Charlotte,0.0,2.0,A,,,2.0,False,,,,,,,,,,,,,2.36,3.67,2.6,,,,,,,
USA,MLS,USA,2026,2026-08-30,00:30,DC United,Los Angeles FC,0.0,0.0,D,,,0.0,True,,,,,,,,,,,,,3.72,3.73,1.86,,,,,,,
USA,MLS,USA,2026,2026-08-30,00:30,Inter Miami,CF Montreal,7.0,1.0,H,,,8.0,False,,,,,,,,,,,,,1.35,5.66,6.22,,,,,,,
USA,MLS,USA,2026,2026-08-30,00:30,New York Red Bulls,Philadelphia Union,1.0,3.0,A,,,4.0,False,,,,,,,,,,,,,3.05,3.91,2.03,,,,,,,
USA,MLS,USA,2026,2026-08-30,00:30,Toronto FC,New York City,1.0,1.0,D,,,2.0,False,,,,,,,,,,,,,2.48,3.52,2.56,,,,,,,
USA,MLS,USA,2026,2026-08-30,01:30,Houston Dynamo,San Jose Earthquakes,0.0,0.0,D,,,0.0,True,,,,,,,,,,,,,1.59,4.12,4.75,,,,,,,
USA,MLS,USA,2026,2026-08-30,01:30,Minnesota United,Orlando City,3.0,3.0,D,,,6.0,False,,,,,,,,,,,,,1.77,3.94,3.81,,,,,,,
USA,MLS,USA,2026,2026-08-30,01:30,Nashville SC,FC Cincinnati,4.0,0.0,H,,,4.0,False,,,,,,,,,,,,,1.71,4.11,3.96,,,,,,,
USA,MLS,USA,2026,2026-08-30,01:30,Sporting Kansas City,Vancouver Whitecaps,0.0,3.0,A,,,3.0,False,,,,,,,,,,,,,6.97,5.2,1.34,,,,,,,
USA,MLS,USA,2026,2026-08-30,02:30,Colorado Rapids,Real Salt Lake,1.0,0.0,H,,,1.0,False,,,,,,,,,,,,,1.92,3.58,3.56,,,,,,,
USA,MLS,USA,2026,2026-08-30,03:30,Portland Timbers,Austin FC,1.0,2.0,A,,,3.0,False,,,,,,,,,,,,,1.69,3.98,4.14,,,,,,,
USA,MLS,USA,2026,2026-08-30,03:30,San Diego FC,Los Angeles Galaxy,3.0,1.0,H,,,4.0,False,,,,,,,,,,,,,1.71,4.18,3.9,,,,,,,
USA,MLS,USA,2026,2026-08-30,21:30,Columbus Crew,New England Revolution,1.0,3.0,A,,,4.0,False,,,,,,,,,,,,,2.21,3.57,2.86,,,,,,,
USA,MLS,USA,2026,2026-08-31,00:00,St. Louis City,FC Dallas,3.0,3.0,D,,,6.0,False,,,,,,,,,,,,,2.21,3.58,2.86,,,,,,,
